Workbook

Sheet Data
A1: Id | B1: MSSubClass | C1: MSZoning | D1: LotFrontage | E1: LotArea | F1: Street | G1: Alley | H1: LotShape | I1: LandContour | J1: Utilities | K1: LotConfig | L1: LandSlope | M1: Neighborhood | N1: Condition1 | O1: Condition2 | P1: BldgType | Q1: HouseStyle | R1: OverallQual | S1: OverallCond | T1: YearBuilt | U1: YearRemodAdd | V1: RoofStyle | W1: RoofMatl | X1: Exterior1st | Y1: Exterior2nd | Z1: MasVnrType | AA1: MasVnrArea | AB1: ExterQual | AC1: ExterCond | AD1: Foundation | AE1: BsmtQual | AF1: BsmtCond | AG1: BsmtExposure | AH1: BsmtFinType1 | AI1: BsmtFinSF1 | AJ1: BsmtFinType2 | AK1: BsmtFinSF2 | AL1: BsmtUnfSF | AM1: TotalBsmtSF | AN1: Heating | AO1: HeatingQC | AP1: CentralAir | AQ1: Electrical | AR1: 1stFlrSF | AS1: 2ndFlrSF | AT1: LowQualFinSF | AU1: GrLivArea | AV1: BsmtFullBath | AW1: BsmtHalfBath | AX1: FullBath | AY1: HalfBath | AZ1: BedroomAbvGr | BA1: KitchebvGr | BB1: KitchenQual | BC1: TotRmsAbvGrd | BD1: Functiol | BE1: Fireplaces | BF1: FireplaceQu | BG1: GarageType | BH1: GarageYrBlt | BI1: GarageFinish | BJ1: GarageCars | BK1: GarageArea | BL1: GarageQual | BM1: GarageCond | BN1: PavedDrive | BO1: WoodDeckSF | BP1: OpenPorchSF | BQ1: EnclosedPorch | BR1: 3SsnPorch | BS1: ScreenPorch | BT1: PoolArea | BU1: PoolQC | BV1: Fence | BW1: MiscFeature | BX1: MiscVal | BY1: MoSold | BZ1: YrSold | CA1: SaleType | CB1: SaleCondition | CC1: SalePrice
A2: 1 | B2: 60 | C2: RL | D2: 65 | E2: 8450 | F2: Pave | H2: Reg | I2: Lvl | J2: AllPub | K2: Inside | L2: Gtl | M2: CollgCr | N2: Norm | O2: Norm | P2: 1Fam | Q2: 2Story | R2: 7 | S2: 5 | T2: 2003 | U2: 2003 | V2: Gable | W2: CompShg | X2: VinylSd | Y2: VinylSd | Z2: BrkFace | AA2: 196 | AB2: Gd | AC2: TA | AD2: PConc | AE2: Gd | AF2: TA | AG2: No | AH2: GLQ | AI2: 706 | AJ2: Unf | AK2: 0 | AL2: 150 | AM2: 856 | AN2: GasA | AO2: Ex | AP2: Y | AQ2: SBrkr | AR2: 856 | AS2: 854 | AT2: 0 | AU2: 1710 | AV2: 1 | AW2: 0 | AX2: 2 | AY2: 1 | AZ2: 3 | BA2: 1 | BB2: Gd | BC2: 8 | BD2: Typ | BE2: 0 | BG2: Attchd | BH2: 2003 | BI2: RFn | BJ2: 2 | BK2: 548 | BL2: TA | BM2: TA | BN2: Y | BO2: 0 | BP2: 61 | BQ2: 0 | BR2: 0 | BS2: 0 | BT2: 0 | BX2: 0 | BY2: 2 | BZ2: 2008 | CA2: WD | CB2: Normal | CC2: 208500
A3: 2 | B3: 20 | C3: RL | D3: 80 | E3: 9600 | F3: Pave | H3: Reg | I3: Lvl | J3: AllPub | K3: FR2 | L3: Gtl | M3: Veenker | N3: Feedr | O3: Norm | P3: 1Fam | Q3: 1Story | R3: 6 | S3: 8 | T3: 1976 | U3: 1976 | V3: Gable | W3: CompShg | X3: MetalSd | Y3: MetalSd | Z3: None | AA3: 0 | AB3: TA | AC3: TA | AD3: CBlock | AE3: Gd | AF3: TA | AG3: Gd | AH3: ALQ | AI3: 978 | AJ3: Unf | AK3: 0 | AL3: 284 | AM3: 1262 | AN3: GasA | AO3: Ex | AP3: Y | AQ3: SBrkr | AR3: 1262 | AS3: 0 | AT3: 0 | AU3: 1262 | AV3: 0 | AW3: 1 | AX3: 2 | AY3: 0 | AZ3: 3 | BA3: 1 | BB3: TA | BC3: 6 | BD3: Typ | BE3: 1 | BF3: TA | BG3: Attchd | BH3: 1976 | BI3: RFn | BJ3: 2 | BK3: 460 | BL3: TA | BM3: TA | BN3: Y | BO3: 298 | BP3: 0 | BQ3: 0 | BR3: 0 | BS3: 0 | BT3: 0 | BX3: 0 | BY3: 5 | BZ3: 2007 | CA3: WD | CB3: Normal | CC3: 181500
A4: 3 | B4: 60 | C4: RL | D4: 68 | E4: 11250 | F4: Pave | H4: IR1 | I4: Lvl | J4: AllPub | K4: Inside | L4: Gtl | M4: CollgCr | N4: Norm | O4: Norm | P4: 1Fam | Q4: 2Story | R4: 7 | S4: 5 | T4: 2001 | U4: 2002 | V4: Gable | W4: CompShg | X4: VinylSd | Y4: VinylSd | Z4: BrkFace | AA4: 162 | AB4: Gd | AC4: TA | AD4: PConc | AE4: Gd | AF4: TA | AG4: Mn | AH4: GLQ | AI4: 486 | AJ4: Unf | AK4: 0 | AL4: 434 | AM4: 920 | AN4: GasA | AO4: Ex | AP4: Y | AQ4: SBrkr | AR4: 920 | AS4: 866 | AT4: 0 | AU4: 1786 | AV4: 1 | AW4: 0 | AX4: 2 | AY4: 1 | AZ4: 3 | BA4: 1 | BB4: Gd | BC4: 6 | BD4: Typ | BE4: 1 | BF4: TA | BG4: Attchd | BH4: 2001 | BI4: RFn | BJ4: 2 | BK4: 608 | BL4: TA | BM4: TA | BN4: Y | BO4: 0 | BP4: 42 | BQ4: 0 | BR4: 0 | BS4: 0 | BT4: 0 | BX4: 0 | BY4: 9 | BZ4: 2008 | CA4: WD | CB4: Normal | CC4: 223500
A5: 4 | B5: 70 | C5: RL | D5: 60 | E5: 9550 | F5: Pave | H5: IR1 | I5: Lvl | J5: AllPub | K5: Corner | L5: Gtl | M5: Crawfor | N5: Norm | O5: Norm | P5: 1Fam | Q5: 2Story | R5: 7 | S5: 5 | T5: 1915 | U5: 1970 | V5: Gable | W5: CompShg | X5: Wd Sdng | Y5: Wd Shng | Z5: None | AA5: 0 | AB5: TA | AC5: TA | AD5: BrkTil | AE5: TA | AF5: Gd | AG5: No | AH5: ALQ | AI5: 216 | AJ5: Unf | AK5: 0 | AL5: 540 | AM5: 756 | AN5: GasA | AO5: Gd | AP5: Y | AQ5: SBrkr | AR5: 961 | AS5: 756 | AT5: 0 | AU5: 1717 | AV5: 1 | AW5: 0 | AX5: 1 | AY5: 0 | AZ5: 3 | BA5: 1 | BB5: Gd | BC5: 7 | BD5: Typ | BE5: 1 | BF5: Gd | BG5: Detchd | BH5: 1998 | BI5: Unf | BJ5: 3 | BK5: 642 | BL5: TA | BM5: TA | BN5: Y | BO5: 0 | BP5: 35 | BQ5: 272 | BR5: 0 | BS5: 0 | BT5: 0 | BX5: 0 | BY5: 2 | BZ5: 2006 | CA5: WD | CB5: Abnorml | CC5: 140000
A6: 5 | B6: 60 | C6: RL | D6: 84 | E6: 14260 | F6: Pave | H6: IR1 | I6: Lvl | J6: AllPub | K6: FR2 | L6: Gtl | M6: NoRidge | N6: Norm | O6: Norm | P6: 1Fam | Q6: 2Story | R6: 8 | S6: 5 | T6: 2000 | U6: 2000 | V6: Gable | W6: CompShg | X6: VinylSd | Y6: VinylSd | Z6: BrkFace | AA6: 350 | AB6: Gd | AC6: TA | AD6: PConc | AE6: Gd | AF6: TA | AG6: Av | AH6: GLQ | AI6: 655 | AJ6: Unf | AK6: 0 | AL6: 490 | AM6: 1145 | AN6: GasA | AO6: Ex | AP6: Y | AQ6: SBrkr | AR6: 1145 | AS6: 1053 | AT6: 0 | AU6: 2198 | AV6: 1 | AW6: 0 | AX6: 2 | AY6: 1 | AZ6: 4 | BA6: 1 | BB6: Gd | BC6: 9 | BD6: Typ | BE6: 1 | BF6: TA | BG6: Attchd | BH6: 2000 | BI6: RFn | BJ6: 3 | BK6: 836 | BL6: TA | BM6: TA | BN6: Y | BO6: 192 | BP6: 84 | BQ6: 0 | BR6: 0 | BS6: 0 | BT6: 0 | BX6: 0 | BY6: 12 | BZ6: 2008 | CA6: WD | CB6: Normal | CC6: 250000
A7: 6 | B7: 50 | C7: RL | D7: 85 | E7: 14115 | F7: Pave | H7: IR1 | I7: Lvl | J7: AllPub | K7: Inside | L7: Gtl | M7: Mitchel | N7: Norm | O7: Norm | P7: 1Fam | Q7: 1.5Fin | R7: 5 | S7: 5 | T7: 1993 | U7: 1995 | V7: Gable | W7: CompShg | X7: VinylSd | Y7: VinylSd | Z7: None | AA7: 0 | AB7: TA | AC7: TA | AD7: Wood | AE7: Gd | AF7: TA | AG7: No | AH7: GLQ | AI7: 732 | AJ7: Unf | AK7: 0 | AL7: 64 | AM7: 796 | AN7: GasA | AO7: Ex | AP7: Y | AQ7: SBrkr | AR7: 796 | AS7: 566 | AT7: 0 | AU7: 1362 | AV7: 1 | AW7: 0 | AX7: 1 | AY7: 1 | AZ7: 1 | BA7: 1 | BB7: TA | BC7: 5 | BD7: Typ | BE7: 0 | BG7: Attchd | BH7: 1993 | BI7: Unf | BJ7: 2 | BK7: 480 | BL7: TA | BM7: TA | BN7: Y | BO7: 40 | BP7: 30 | BQ7: 0 | BR7: 320 | BS7: 0 | BT7: 0 | BV7: MnPrv | BW7: Shed | BX7: 700 | BY7: 10 | BZ7: 2009 | CA7: WD | CB7: Normal | CC7: 143000
A8: 7 | B8: 20 | C8: RL | D8: 75 | E8: 10084 | F8: Pave | H8: Reg | I8: Lvl | J8: AllPub | K8: Inside | L8: Gtl | M8: Somerst | N8: Norm | O8: Norm | P8: 1Fam | Q8: 1Story | R8: 8 | S8: 5 | T8: 2004 | U8: 2005 | V8: Gable | W8: CompShg | X8: VinylSd | Y8: VinylSd | Z8: Stone | AA8: 186 | AB8: Gd | AC8: TA | AD8: PConc | AE8: Ex | AF8: TA | AG8: Av | AH8: GLQ | AI8: 1369 | AJ8: Unf | AK8: 0 | AL8: 317 | AM8: 1686 | AN8: GasA | AO8: Ex | AP8: Y | AQ8: SBrkr | AR8: 1694 | AS8: 0 | AT8: 0 | AU8: 1694 | AV8: 1 | AW8: 0 | AX8: 2 | AY8: 0 | AZ8: 3 | BA8: 1 | BB8: Gd | BC8: 7 | BD8: Typ | BE8: 1 | BF8: Gd | BG8: Attchd | BH8: 2004 | BI8: RFn | BJ8: 2 | BK8: 636 | BL8: TA | BM8: TA | BN8: Y | BO8: 255 | BP8: 57 | BQ8: 0 | BR8: 0 | BS8: 0 | BT8: 0 | BX8: 0 | BY8: 8 | BZ8: 2007 | CA8: WD | CB8: Normal | CC8: 307000
A9: 8 | B9: 60 | C9: RL | E9: 10382 | F9: Pave | H9: IR1 | I9: Lvl | J9: AllPub | K9: Corner | L9: Gtl | M9: NWAmes | N9: PosN | O9: Norm | P9: 1Fam | Q9: 2Story | R9: 7 | S9: 6 | T9: 1973 | U9: 1973 | V9: Gable | W9: CompShg | X9: HdBoard | Y9: HdBoard | Z9: Stone | AA9: 240 | AB9: TA | AC9: TA | AD9: CBlock | AE9: Gd | AF9: TA | AG9: Mn | AH9: ALQ | AI9: 859 | AJ9: BLQ | AK9: 32 | AL9: 216 | AM9: 1107 | AN9: GasA | AO9: Ex | AP9: Y | AQ9: SBrkr | AR9: 1107 | AS9: 983 | AT9: 0 | AU9: 2090 | AV9: 1 | AW9: 0 | AX9: 2 | AY9: 1 | AZ9: 3 | BA9: 1 | BB9: TA | BC9: 7 | BD9: Typ | BE9: 2 | BF9: TA | BG9: Attchd | BH9: 1973 | BI9: RFn | BJ9: 2 | BK9: 484 | BL9: TA | BM9: TA | BN9: Y | BO9: 235 | BP9: 204 | BQ9: 228 | BR9: 0 | BS9: 0 | BT9: 0 | BW9: Shed | BX9: 350 | BY9: 11 | BZ9: 2009 | CA9: WD | CB9: Normal | CC9: 200000
A10: 9 | B10: 50 | C10: RM | D10: 51 | E10: 6120 | F10: Pave | H10: Reg | I10: Lvl | J10: AllPub | K10: Inside | L10: Gtl | M10: OldTown | N10: Artery | O10: Norm | P10: 1Fam | Q10: 1.5Fin | R10: 7 | S10: 5 | T10: 1931 | U10: 1950 | V10: Gable | W10: CompShg | X10: BrkFace | Y10: Wd Shng | Z10: None | AA10: 0 | AB10: TA | AC10: TA | AD10: BrkTil | AE10: TA | AF10: TA | AG10: No | AH10: Unf | AI10: 0 | AJ10: Unf | AK10: 0 | AL10: 952 | AM10: 952 | AN10: GasA | AO10: Gd | AP10: Y | AQ10: FuseF | AR10: 1022 | AS10: 752 | AT10: 0 | AU10: 1774 | AV10: 0 | AW10: 0 | AX10: 2 | AY10: 0 | AZ10: 2 | BA10: 2 | BB10: TA | BC10: 8 | BD10: Min1 | BE10: 2 | BF10: TA | BG10: Detchd | BH10: 1931 | BI10: Unf | BJ10: 2 | BK10: 468 | BL10: Fa | BM10: TA | BN10: Y | BO10: 90 | BP10: 0 | BQ10: 205 | BR10: 0 | BS10: 0 | BT10: 0 | BX10: 0 | BY10: 4 | BZ10: 2008 | CA10: WD | CB10: Abnorml | CC10: 129900
A11: 10 | B11: 190 | C11: RL | D11: 50 | E11: 7420 | F11: Pave | H11: Reg | I11: Lvl | J11: AllPub | K11: Corner | L11: Gtl | M11: BrkSide | N11: Artery | O11: Artery | P11: 2fmCon | Q11: 1.5Unf | R11: 5 | S11: 6 | T11: 1939 | U11: 1950 | V11: Gable | W11: CompShg | X11: MetalSd | Y11: MetalSd | Z11: None | AA11: 0 | AB11: TA | AC11: TA | AD11: BrkTil | AE11: TA | AF11: TA | AG11: No | AH11: GLQ | AI11: 851 | AJ11: Unf | AK11: 0 | AL11: 140 | AM11: 991 | AN11: GasA | AO11: Ex | AP11: Y | AQ11: SBrkr | AR11: 1077 | AS11: 0 | AT11: 0 | AU11: 1077 | AV11: 1 | AW11: 0 | AX11: 1 | AY11: 0 | AZ11: 2 | BA11: 2 | BB11: TA | BC11: 5 | BD11: Typ | BE11: 2 | BF11: TA | BG11: Attchd | BH11: 1939 | BI11: RFn | BJ11: 1 | BK11: 205 | BL11: Gd | BM11: TA | BN11: Y | BO11: 0 | BP11: 4 | BQ11: 0 | BR11: 0 | BS11: 0 | BT11: 0 | BX11: 0 | BY11: 1 | BZ11: 2008 | CA11: WD | CB11: Normal | CC11: 118000
A12: 11 | B12: 20 | C12: RL | D12: 70 | E12: 11200 | F12: Pave | H12: Reg | I12: Lvl | J12: AllPub | K12: Inside | L12: Gtl | M12: Sawyer | N12: Norm | O12: Norm | P12: 1Fam | Q12: 1Story | R12: 5 | S12: 5 | T12: 1965 | U12: 1965 | V12: Hip | W12: CompShg | X12: HdBoard | Y12: HdBoard | Z12: None | AA12: 0 | AB12: TA | AC12: TA | AD12: CBlock | AE12: TA | AF12: TA | AG12: No | AH12: Rec | AI12: 906 | AJ12: Unf | AK12: 0 | AL12: 134 | AM12: 1040 | AN12: GasA | AO12: Ex | AP12: Y | AQ12: SBrkr | AR12: 1040 | AS12: 0 | AT12: 0 | AU12: 1040 | AV12: 1 | AW12: 0 | AX12: 1 | AY12: 0 | AZ12: 3 | BA12: 1 | BB12: TA | BC12: 5 | BD12: Typ | BE12: 0 | BG12: Detchd | BH12: 1965 | BI12: Unf | BJ12: 1 | BK12: 384 | BL12: TA | BM12: TA | BN12: Y | BO12: 0 | BP12: 0 | BQ12: 0 | BR12: 0 | BS12: 0 | BT12: 0 | BX12: 0 | BY12: 2 | BZ12: 2008 | CA12: WD | CB12: Normal | CC12: 129500
A13: 12 | B13: 60 | C13: RL | D13: 85 | E13: 11924 | F13: Pave | H13: IR1 | I13: Lvl | J13: AllPub | K13: Inside | L13: Gtl | M13: NridgHt | N13: Norm | O13: Norm | P13: 1Fam | Q13: 2Story | R13: 9 | S13: 5 | T13: 2005 | U13: 2006 | V13: Hip | W13: CompShg | X13: WdShing | Y13: Wd Shng | Z13: Stone | AA13: 286 | AB13: Ex | AC13: TA | AD13: PConc | AE13: Ex | AF13: TA | AG13: No | AH13: GLQ | AI13: 998 | AJ13: Unf | AK13: 0 | AL13: 177 | AM13: 1175 | AN13: GasA | AO13: Ex | AP13: Y | AQ13: SBrkr | AR13: 1182 | AS13: 1142 | AT13: 0 | AU13: 2324 | AV13: 1 | AW13: 0 | AX13: 3 | AY13: 0 | AZ13: 4 | BA13: 1 | BB13: Ex | BC13: 11 | BD13: Typ | BE13: 2 | BF13: Gd | BG13: BuiltIn | BH13: 2005 | BI13: Fin | BJ13: 3 | BK13: 736 | BL13: TA | BM13: TA | BN13: Y | BO13: 147 | BP13: 21 | BQ13: 0 | BR13: 0 | BS13: 0 | BT13: 0 | BX13: 0 | BY13: 7 | BZ13: 2006 | CA13: New | CB13: Partial | CC13: 345000
A14: 13 | B14: 20 | C14: RL | E14: 12968 | F14: Pave | H14: IR2 | I14: Lvl | J14: AllPub | K14: Inside | L14: Gtl | M14: Sawyer | N14: Norm | O14: Norm | P14: 1Fam | Q14: 1Story | R14: 5 | S14: 6 | T14: 1962 | U14: 1962 | V14: Hip | W14: CompShg | X14: HdBoard | Y14: Plywood | Z14: None | AA14: 0 | AB14: TA | AC14: TA | AD14: CBlock | AE14: TA | AF14: TA | AG14: No | AH14: ALQ | AI14: 737 | AJ14: Unf | AK14: 0 | AL14: 175 | AM14: 912 | AN14: GasA | AO14: TA | AP14: Y | AQ14: SBrkr | AR14: 912 | AS14: 0 | AT14: 0 | AU14: 912 | AV14: 1 | AW14: 0 | AX14: 1 | AY14: 0 | AZ14: 2 | BA14: 1 | BB14: TA | BC14: 4 | BD14: Typ | BE14: 0 | BG14: Detchd | BH14: 1962 | BI14: Unf | BJ14: 1 | BK14: 352 | BL14: TA | BM14: TA | BN14: Y | BO14: 140 | BP14: 0 | BQ14: 0 | BR14: 0 | BS14: 176 | BT14: 0 | BX14: 0 | BY14: 9 | BZ14: 2008 | CA14: WD | CB14: Normal | CC14: 144000
A15: 14 | B15: 20 | C15: RL | D15: 91 | E15: 10652 | F15: Pave | H15: IR1 | I15: Lvl | J15: AllPub | K15: Inside | L15: Gtl | M15: CollgCr | N15: Norm | O15: Norm | P15: 1Fam | Q15: 1Story | R15: 7 | S15: 5 | T15: 2006 | U15: 2007 | V15: Gable | W15: CompShg | X15: VinylSd | Y15: VinylSd | Z15: Stone | AA15: 306 | AB15: Gd | AC15: TA | AD15: PConc | AE15: Gd | AF15: TA | AG15: Av | AH15: Unf | AI15: 0 | AJ15: Unf | AK15: 0 | AL15: 1494 | AM15: 1494 | AN15: GasA | AO15: Ex | AP15: Y | AQ15: SBrkr | AR15: 1494 | AS15: 0 | AT15: 0 | AU15: 1494 | AV15: 0 | AW15: 0 | AX15: 2 | AY15: 0 | AZ15: 3 | BA15: 1 | BB15: Gd | BC15: 7 | BD15: Typ | BE15: 1 | BF15: Gd | BG15: Attchd | BH15: 2006 | BI15: RFn | BJ15: 3 | BK15: 840 | BL15: TA | BM15: TA | BN15: Y | BO15: 160 | BP15: 33 | BQ15: 0 | BR15: 0 | BS15: 0 | BT15: 0 | BX15: 0 | BY15: 8 | BZ15: 2007 | CA15: New | CB15: Partial | CC15: 279500
A16: 15 | B16: 20 | C16: RL | E16: 10920 | F16: Pave | H16: IR1 | I16: Lvl | J16: AllPub | K16: Corner | L16: Gtl | M16: mes | N16: Norm | O16: Norm | P16: 1Fam | Q16: 1Story | R16: 6 | S16: 5 | T16: 1960 | U16: 1960 | V16: Hip | W16: CompShg | X16: MetalSd | Y16: MetalSd | Z16: BrkFace | AA16: 212 | AB16: TA | AC16: TA | AD16: CBlock | AE16: TA | AF16: TA | AG16: No | AH16: BLQ | AI16: 733 | AJ16: Unf | AK16: 0 | AL16: 520 | AM16: 1253 | AN16: GasA | AO16: TA | AP16: Y | AQ16: SBrkr | AR16: 1253 | AS16: 0 | AT16: 0 | AU16: 1253 | AV16: 1 | AW16: 0 | AX16: 1 | AY16: 1 | AZ16: 2 | BA16: 1 | BB16: TA | BC16: 5 | BD16: Typ | BE16: 1 | BF16: Fa | BG16: Attchd | BH16: 1960 | BI16: RFn | BJ16: 1 | BK16: 352 | BL16: TA | BM16: TA | BN16: Y | BO16: 0 | BP16: 213 | BQ16: 176 | BR16: 0 | BS16: 0 | BT16: 0 | BV16: GdWo | BX16: 0 | BY16: 5 | BZ16: 2008 | CA16: WD | CB16: Normal | CC16: 157000
A17: 16 | B17: 45 | C17: RM | D17: 51 | E17: 6120 | F17: Pave | H17: Reg | I17: Lvl | J17: AllPub | K17: Corner | L17: Gtl | M17: BrkSide | N17: Norm | O17: Norm | P17: 1Fam | Q17: 1.5Unf | R17: 7 | S17: 8 | T17: 1929 | U17: 2001 | V17: Gable | W17: CompShg | X17: Wd Sdng | Y17: Wd Sdng | Z17: None | AA17: 0 | AB17: TA | AC17: TA | AD17: BrkTil | AE17: TA | AF17: TA | AG17: No | AH17: Unf | AI17: 0 | AJ17: Unf | AK17: 0 | AL17: 832 | AM17: 832 | AN17: GasA | AO17: Ex | AP17: Y | AQ17: FuseA | AR17: 854 | AS17: 0 | AT17: 0 | AU17: 854 | AV17: 0 | AW17: 0 | AX17: 1 | AY17: 0 | AZ17: 2 | BA17: 1 | BB17: TA | BC17: 5 | BD17: Typ | BE17: 0 | BG17: Detchd | BH17: 1991 | BI17: Unf | BJ17: 2 | BK17: 576 | BL17: TA | BM17: TA | BN17: Y | BO17: 48 | BP17: 112 | BQ17: 0 | BR17: 0 | BS17: 0 | BT17: 0 | BV17: GdPrv | BX17: 0 | BY17: 7 | BZ17: 2007 | CA17: WD | CB17: Normal | CC17: 132000
A18: 17 | B18: 20 | C18: RL | E18: 11241 | F18: Pave | H18: IR1 | I18: Lvl | J18: AllPub | K18: CulDSac | L18: Gtl | M18: mes | N18: Norm | O18: Norm | P18: 1Fam | Q18: 1Story | R18: 6 | S18: 7 | T18: 1970 | U18: 1970 | V18: Gable | W18: CompShg | X18: Wd Sdng | Y18: Wd Sdng | Z18: BrkFace | AA18: 180 | AB18: TA | AC18: TA | AD18: CBlock | AE18: TA | AF18: TA | AG18: No | AH18: ALQ | AI18: 578 | AJ18: Unf | AK18: 0 | AL18: 426 | AM18: 1004 | AN18: GasA | AO18: Ex | AP18: Y | AQ18: SBrkr | AR18: 1004 | AS18: 0 | AT18: 0 | AU18: 1004 | AV18: 1 | AW18: 0 | AX18: 1 | AY18: 0 | AZ18: 2 | BA18: 1 | BB18: TA | BC18: 5 | BD18: Typ | BE18: 1 | BF18: TA | BG18: Attchd | BH18: 1970 | BI18: Fin | BJ18: 2 | BK18: 480 | BL18: TA | BM18: TA | BN18: Y | BO18: 0 | BP18: 0 | BQ18: 0 | BR18: 0 | BS18: 0 | BT18: 0 | BW18: Shed | BX18: 700 | BY18: 3 | BZ18: 2010 | CA18: WD | CB18: Normal | CC18: 149000
A19: 18 | B19: 90 | C19: RL | D19: 72 | E19: 10791 | F19: Pave | H19: Reg | I19: Lvl | J19: AllPub | K19: Inside | L19: Gtl | M19: Sawyer | N19: Norm | O19: Norm | P19: Duplex | Q19: 1Story | R19: 4 | S19: 5 | T19: 1967 | U19: 1967 | V19: Gable | W19: CompShg | X19: MetalSd | Y19: MetalSd | Z19: None | AA19: 0 | AB19: TA | AC19: TA | AD19: Slab | AI19: 0 | AK19: 0 | AL19: 0 | AM19: 0 | AN19: GasA | AO19: TA | AP19: Y | AQ19: SBrkr | AR19: 1296 | AS19: 0 | AT19: 0 | AU19: 1296 | AV19: 0 | AW19: 0 | AX19: 2 | AY19: 0 | AZ19: 2 | BA19: 2 | BB19: TA | BC19: 6 | BD19: Typ | BE19: 0 | BG19: CarPort | BH19: 1967 | BI19: Unf | BJ19: 2 | BK19: 516 | BL19: TA | BM19: TA | BN19: Y | BO19: 0 | BP19: 0 | BQ19: 0 | BR19: 0 | BS19: 0 | BT19: 0 | BW19: Shed | BX19: 500 | BY19: 10 | BZ19: 2006 | CA19: WD | CB19: Normal | CC19: 90000
A20: 19 | B20: 20 | C20: RL | D20: 66 | E20: 13695 | F20: Pave | H20: Reg | I20: Lvl | J20: AllPub | K20: Inside | L20: Gtl | M20: SawyerW | N20: RRAe | O20: Norm | P20: 1Fam | Q20: 1Story | R20: 5 | S20: 5 | T20: 2004 | U20: 2004 | V20: Gable | W20: CompShg | X20: VinylSd | Y20: VinylSd | Z20: None | AA20: 0 | AB20: TA | AC20: TA | AD20: PConc | AE20: TA | AF20: TA | AG20: No | AH20: GLQ | AI20: 646 | AJ20: Unf | AK20: 0 | AL20: 468 | AM20: 1114 | AN20: GasA | AO20: Ex | AP20: Y | AQ20: SBrkr | AR20: 1114 | AS20: 0 | AT20: 0 | AU20: 1114 | AV20: 1 | AW20: 0 | AX20: 1 | AY20: 1 | AZ20: 3 | BA20: 1 | BB20: Gd | BC20: 6 | BD20: Typ | BE20: 0 | BG20: Detchd | BH20: 2004 | BI20: Unf | BJ20: 2 | BK20: 576 | BL20: TA | BM20: TA | BN20: Y | BO20: 0 | BP20: 102 | BQ20: 0 | BR20: 0 | BS20: 0 | BT20: 0 | BX20: 0 | BY20: 6 | BZ20: 2008 | CA20: WD | CB20: Normal | CC20: 159000
A21: 20 | B21: 20 | C21: RL | D21: 70 | E21: 7560 | F21: Pave | H21: Reg | I21: Lvl | J21: AllPub | K21: Inside | L21: Gtl | M21: mes | N21: Norm | O21: Norm | P21: 1Fam | Q21: 1Story | R21: 5 | S21: 6 | T21: 1958 | U21: 1965 | V21: Hip | W21: CompShg | X21: BrkFace | Y21: Plywood | Z21: None | AA21: 0 | AB21: TA | AC21: TA | AD21: CBlock | AE21: TA | AF21: TA | AG21: No | AH21: LwQ | AI21: 504 | AJ21: Unf | AK21: 0 | AL21: 525 | AM21: 1029 | AN21: GasA | AO21: TA | AP21: Y | AQ21: SBrkr | AR21: 1339 | AS21: 0 | AT21: 0 | AU21: 1339 | AV21: 0 | AW21: 0 | AX21: 1 | AY21: 0 | AZ21: 3 | BA21: 1 | BB21: TA | BC21: 6 | BD21: Min1 | BE21: 0 | BG21: Attchd | BH21: 1958 | BI21: Unf | BJ21: 1 | BK21: 294 | BL21: TA | BM21: TA | BN21: Y | BO21: 0 | BP21: 0 | BQ21: 0 | BR21: 0 | BS21: 0 | BT21: 0 | BV21: MnPrv | BX21: 0 | BY21: 5 | BZ21: 2009 | CA21: COD | CB21: Abnorml | CC21: 139000
A22: 21 | B22: 60 | C22: RL | D22: 101 | E22: 14215 | F22: Pave | H22: IR1 | I22: Lvl | J22: AllPub | K22: Corner | L22: Gtl | M22: NridgHt | N22: Norm | O22: Norm | P22: 1Fam | Q22: 2Story | R22: 8 | S22: 5 | T22: 2005 | U22: 2006 | V22: Gable | W22: CompShg | X22: VinylSd | Y22: VinylSd | Z22: BrkFace | AA22: 380 | AB22: Gd | AC22: TA | AD22: PConc | AE22: Ex | AF22: TA | AG22: Av | AH22: Unf | AI22: 0 | AJ22: Unf | AK22: 0 | AL22: 1158 | AM22: 1158 | AN22: GasA | AO22: Ex | AP22: Y | AQ22: SBrkr | AR22: 1158 | AS22: 1218 | AT22: 0 | AU22: 2376 | AV22: 0 | AW22: 0 | AX22: 3 | AY22: 1 | AZ22: 4 | BA22: 1 | BB22: Gd | BC22: 9 | BD22: Typ | BE22: 1 | BF22: Gd | BG22: BuiltIn | BH22: 2005 | BI22: RFn | BJ22: 3 | BK22: 853 | BL22: TA | BM22: TA | BN22: Y | BO22: 240 | BP22: 154 | BQ22: 0 | BR22: 0 | BS22: 0 | BT22: 0 | BX22: 0 | BY22: 11 | BZ22: 2006 | CA22: New | CB22: Partial | CC22: 325300
A23: 22 | B23: 45 | C23: RM | D23: 57 | E23: 7449 | F23: Pave | G23: Grvl | H23: Reg | I23: Bnk | J23: AllPub | K23: Inside | L23: Gtl | M23: IDOTRR | N23: Norm | O23: Norm | P23: 1Fam | Q23: 1.5Unf | R23: 7 | S23: 7 | T23: 1930 | U23: 1950 | V23: Gable | W23: CompShg | X23: Wd Sdng | Y23: Wd Sdng | Z23: None | AA23: 0 | AB23: TA | AC23: TA | AD23: PConc | AE23: TA | AF23: TA | AG23: No | AH23: Unf | AI23: 0 | AJ23: Unf | AK23: 0 | AL23: 637 | AM23: 637 | AN23: GasA | AO23: Ex | AP23: Y | AQ23: FuseF | AR23: 1108 | AS23: 0 | AT23: 0 | AU23: 1108 | AV23: 0 | AW23: 0 | AX23: 1 | AY23: 0 | AZ23: 3 | BA23: 1 | BB23: Gd | BC23: 6 | BD23: Typ | BE23: 1 | BF23: Gd | BG23: Attchd | BH23: 1930 | BI23: Unf | BJ23: 1 | BK23: 280 | BL23: TA | BM23: TA | BN23: N | BO23: 0 | BP23: 0 | BQ23: 205 | BR23: 0 | BS23: 0 | BT23: 0 | BV23: GdPrv | BX23: 0 | BY23: 6 | BZ23: 2007 | CA23: WD | CB23: Normal | CC23: 139400
A24: 23 | B24: 20 | C24: RL | D24: 75 | E24: 9742 | F24: Pave | H24: Reg | I24: Lvl | J24: AllPub | K24: Inside | L24: Gtl | M24: CollgCr | N24: Norm | O24: Norm | P24: 1Fam | Q24: 1Story | R24: 8 | S24: 5 | T24: 2002 | U24: 2002 | V24: Hip | W24: CompShg | X24: VinylSd | Y24: VinylSd | Z24: BrkFace | AA24: 281 | AB24: Gd | AC24: TA | AD24: PConc | AE24: Gd | AF24: TA | AG24: No | AH24: Unf | AI24: 0 | AJ24: Unf | AK24: 0 | AL24: 1777 | AM24: 1777 | AN24: GasA | AO24: Ex | AP24: Y | AQ24: SBrkr | AR24: 1795 | AS24: 0 | AT24: 0 | AU24: 1795 | AV24: 0 | AW24: 0 | AX24: 2 | AY24: 0 | AZ24: 3 | BA24: 1 | BB24: Gd | BC24: 7 | BD24: Typ | BE24: 1 | BF24: Gd | BG24: Attchd | BH24: 2002 | BI24: RFn | BJ24: 2 | BK24: 534 | BL24: TA | BM24: TA | BN24: Y | BO24: 171 | BP24: 159 | BQ24: 0 | BR24: 0 | BS24: 0 | BT24: 0 | BX24: 0 | BY24: 9 | BZ24: 2008 | CA24: WD | CB24: Normal | CC24: 230000
A25: 24 | B25: 120 | C25: RM | D25: 44 | E25: 4224 | F25: Pave | H25: Reg | I25: Lvl | J25: AllPub | K25: Inside | L25: Gtl | M25: MeadowV | N25: Norm | O25: Norm | P25: TwnhsE | Q25: 1Story | R25: 5 | S25: 7 | T25: 1976 | U25: 1976 | V25: Gable | W25: CompShg | X25: CemntBd | Y25: CmentBd | Z25: None | AA25: 0 | AB25: TA | AC25: TA | AD25: PConc | AE25: Gd | AF25: TA | AG25: No | AH25: GLQ | AI25: 840 | AJ25: Unf | AK25: 0 | AL25: 200 | AM25: 1040 | AN25: GasA | AO25: TA | AP25: Y | AQ25: SBrkr | AR25: 1060 | AS25: 0 | AT25: 0 | AU25: 1060 | AV25: 1 | AW25: 0 | AX25: 1 | AY25: 0 | AZ25: 3 | BA25: 1 | BB25: TA | BC25: 6 | BD25: Typ | BE25: 1 | BF25: TA | BG25: Attchd | BH25: 1976 | BI25: Unf | BJ25: 2 | BK25: 572 | BL25: TA | BM25: TA | BN25: Y | BO25: 100 | BP25: 110 | BQ25: 0 | BR25: 0 | BS25: 0 | BT25: 0 | BX25: 0 | BY25: 6 | BZ25: 2007 | CA25: WD | CB25: Normal | CC25: 129900
A26: 25 | B26: 20 | C26: RL | E26: 8246 | F26: Pave | H26: IR1 | I26: Lvl | J26: AllPub | K26: Inside | L26: Gtl | M26: Sawyer | N26: Norm | O26: Norm | P26: 1Fam | Q26: 1Story | R26: 5 | S26: 8 | T26: 1968 | U26: 2001 | V26: Gable | W26: CompShg | X26: Plywood | Y26: Plywood | Z26: None | AA26: 0 | AB26: TA | AC26: Gd | AD26: CBlock | AE26: TA | AF26: TA | AG26: Mn | AH26: Rec | AI26: 188 | AJ26: ALQ | AK26: 668 | AL26: 204 | AM26: 1060 | AN26: GasA | AO26: Ex | AP26: Y | AQ26: SBrkr | AR26: 1060 | AS26: 0 | AT26: 0 | AU26: 1060 | AV26: 1 | AW26: 0 | AX26: 1 | AY26: 0 | AZ26: 3 | BA26: 1 | BB26: Gd | BC26: 6 | BD26: Typ | BE26: 1 | BF26: TA | BG26: Attchd | BH26: 1968 | BI26: Unf | BJ26: 1 | BK26: 270 | BL26: TA | BM26: TA | BN26: Y | BO26: 406 | BP26: 90 | BQ26: 0 | BR26: 0 | BS26: 0 | BT26: 0 | BV26: MnPrv | BX26: 0 | BY26: 5 | BZ26: 2010 | CA26: WD | CB26: Normal | CC26: 154000
A27: 26 | B27: 20 | C27: RL | D27: 110 | E27: 14230 | F27: Pave | H27: Reg | I27: Lvl | J27: AllPub | K27: Corner | L27: Gtl | M27: NridgHt | N27: Norm | O27: Norm | P27: 1Fam | Q27: 1Story | R27: 8 | S27: 5 | T27: 2007 | U27: 2007 | V27: Gable | W27: CompShg | X27: VinylSd | Y27: VinylSd | Z27: Stone | AA27: 640 | AB27: Gd | AC27: TA | AD27: PConc | AE27: Gd | AF27: TA | AG27: No | AH27: Unf | AI27: 0 | AJ27: Unf | AK27: 0 | AL27: 1566 | AM27: 1566 | AN27: GasA | AO27: Ex | AP27: Y | AQ27: SBrkr | AR27: 1600 | AS27: 0 | AT27: 0 | AU27: 1600 | AV27: 0 | AW27: 0 | AX27: 2 | AY27: 0 | AZ27: 3 | BA27: 1 | BB27: Gd | BC27: 7 | BD27: Typ | BE27: 1 | BF27: Gd | BG27: Attchd | BH27: 2007 | BI27: RFn | BJ27: 3 | BK27: 890 | BL27: TA | BM27: TA | BN27: Y | BO27: 0 | BP27: 56 | BQ27: 0 | BR27: 0 | BS27: 0 | BT27: 0 | BX27: 0 | BY27: 7 | BZ27: 2009 | CA27: WD | CB27: Normal | CC27: 256300
A28: 27 | B28: 20 | C28: RL | D28: 60 | E28: 7200 | F28: Pave | H28: Reg | I28: Lvl | J28: AllPub | K28: Corner | L28: Gtl | M28: mes | N28: Norm | O28: Norm | P28: 1Fam | Q28: 1Story | R28: 5 | S28: 7 | T28: 1951 | U28: 2000 | V28: Gable | W28: CompShg | X28: Wd Sdng | Y28: Wd Sdng | Z28: None | AA28: 0 | AB28: TA | AC28: TA | AD28: CBlock | AE28: TA | AF28: TA | AG28: Mn | AH28: BLQ | AI28: 234 | AJ28: Rec | AK28: 486 | AL28: 180 | AM28: 900 | AN28: GasA | AO28: TA | AP28: Y | AQ28: SBrkr | AR28: 900 | AS28: 0 | AT28: 0 | AU28: 900 | AV28: 0 | AW28: 1 | AX28: 1 | AY28: 0 | AZ28: 3 | BA28: 1 | BB28: Gd | BC28: 5 | BD28: Typ | BE28: 0 | BG28: Detchd | BH28: 2005 | BI28: Unf | BJ28: 2 | BK28: 576 | BL28: TA | BM28: TA | BN28: Y | BO28: 222 | BP28: 32 | BQ28: 0 | BR28: 0 | BS28: 0 | BT28: 0 | BX28: 0 | BY28: 5 | BZ28: 2010 | CA28: WD | CB28: Normal | CC28: 134800
A29: 28 | B29: 20 | C29: RL | D29: 98 | E29: 11478 | F29: Pave | H29: Reg | I29: Lvl | J29: AllPub | K29: Inside | L29: Gtl | M29: NridgHt | N29: Norm | O29: Norm | P29: 1Fam | Q29: 1Story | R29: 8 | S29: 5 | T29: 2007 | U29: 2008 | V29: Gable | W29: CompShg | X29: VinylSd | Y29: VinylSd | Z29: Stone | AA29: 200 | AB29: Gd | AC29: TA | AD29: PConc | AE29: Ex | AF29: TA | AG29: No | AH29: GLQ | AI29: 1218 | AJ29: Unf | AK29: 0 | AL29: 486 | AM29: 1704 | AN29: GasA | AO29: Ex | AP29: Y | AQ29: SBrkr | AR29: 1704 | AS29: 0 | AT29: 0 | AU29: 1704 | AV29: 1 | AW29: 0 | AX29: 2 | AY29: 0 | AZ29: 3 | BA29: 1 | BB29: Gd | BC29: 7 | BD29: Typ | BE29: 1 | BF29: Gd | BG29: Attchd | BH29: 2008 | BI29: RFn | BJ29: 3 | BK29: 772 | BL29: TA | BM29: TA | BN29: Y | BO29: 0 | BP29: 50 | BQ29: 0 | BR29: 0 | BS29: 0 | BT29: 0 | BX29: 0 | BY29: 5 | BZ29: 2010 | CA29: WD | CB29: Normal | CC29: 306000
A30: 29 | B30: 20 | C30: RL | D30: 47 | E30: 16321 | F30: Pave | H30: IR1 | I30: Lvl | J30: AllPub | K30: CulDSac | L30: Gtl | M30: mes | N30: Norm | O30: Norm | P30: 1Fam | Q30: 1Story | R30: 5 | S30: 6 | T30: 1957 | U30: 1997 | V30: Gable | W30: CompShg | X30: MetalSd | Y30: MetalSd | Z30: None | AA30: 0 | AB30: TA | AC30: TA | AD30: CBlock | AE30: TA | AF30: TA | AG30: Gd | AH30: BLQ | AI30: 1277 | AJ30: Unf | AK30: 0 | AL30: 207 | AM30: 1484 | AN30: GasA | AO30: TA | AP30: Y | AQ30: SBrkr | AR30: 1600 | AS30: 0 | AT30: 0 | AU30: 1600 | AV30: 1 | AW30: 0 | AX30: 1 | AY30: 0 | AZ30: 2 | BA30: 1 | BB30: TA | BC30: 6 | BD30: Typ | BE30: 2 | BF30: Gd | BG30: Attchd | BH30: 1957 | BI30: RFn | BJ30: 1 | BK30: 319 | BL30: TA | BM30: TA | BN30: Y | BO30: 288 | BP30: 258 | BQ30: 0 | BR30: 0 | BS30: 0 | BT30: 0 | BX30: 0 | BY30: 12 | BZ30: 2006 | CA30: WD | CB30: Normal | CC30: 207500
A31: 30 | B31: 30 | C31: RM | D31: 60 | E31: 6324 | F31: Pave | H31: IR1 | I31: Lvl | J31: AllPub | K31: Inside | L31: Gtl | M31: BrkSide | N31: Feedr | O31: RRNn | P31: 1Fam | Q31: 1Story | R31: 4 | S31: 6 | T31: 1927 | U31: 1950 | V31: Gable | W31: CompShg | X31: MetalSd | Y31: MetalSd | Z31: None | AA31: 0 | AB31: TA | AC31: TA | AD31: BrkTil | AE31: TA | AF31: TA | AG31: No | AH31: Unf | AI31: 0 | AJ31: Unf | AK31: 0 | AL31: 520 | AM31: 520 | AN31: GasA | AO31: Fa | AP31: N | AQ31: SBrkr | AR31: 520 | AS31: 0 | AT31: 0 | AU31: 520 | AV31: 0 | AW31: 0 | AX31: 1 | AY31: 0 | AZ31: 1 | BA31: 1 | BB31: Fa | BC31: 4 | BD31: Typ | BE31: 0 | BG31: Detchd | BH31: 1920 | BI31: Unf | BJ31: 1 | BK31: 240 | BL31: Fa | BM31: TA | BN31: Y | BO31: 49 | BP31: 0 | BQ31: 87 | BR31: 0 | BS31: 0 | BT31: 0 | BX31: 0 | BY31: 5 | BZ31: 2008 | CA31: WD | CB31: Normal | CC31: 68500
A32: 31 | B32: 70 | C32: C (all) | D32: 50 | E32: 8500 | F32: Pave | G32: Pave | H32: Reg | I32: Lvl | J32: AllPub | K32: Inside | L32: Gtl | M32: IDOTRR | N32: Feedr | O32: Norm | P32: 1Fam | Q32: 2Story | R32: 4 | S32: 4 | T32: 1920 | U32: 1950 | V32: Gambrel | W32: CompShg | X32: BrkFace | Y32: BrkFace | Z32: None | AA32: 0 | AB32: TA | AC32: Fa | AD32: BrkTil | AE32: TA | AF32: TA | AG32: No | AH32: Unf | AI32: 0 | AJ32: Unf | AK32: 0 | AL32: 649 | AM32: 649 | AN32: GasA | AO32: TA | AP32: N | AQ32: SBrkr | AR32: 649 | AS32: 668 | AT32: 0 | AU32: 1317 | AV32: 0 | AW32: 0 | AX32: 1 | AY32: 0 | AZ32: 3 | BA32: 1 | BB32: TA | BC32: 6 | BD32: Typ | BE32: 0 | BG32: Detchd | BH32: 1920 | BI32: Unf | BJ32: 1 | BK32: 250 | BL32: TA | BM32: Fa | BN32: N | BO32: 0 | BP32: 54 | BQ32: 172 | BR32: 0 | BS32: 0 | BT32: 0 | BV32: MnPrv | BX32: 0 | BY32: 7 | BZ32: 2008 | CA32: WD | CB32: Normal | CC32: 40000
A33: 32 | B33: 20 | C33: RL | E33: 8544 | F33: Pave | H33: IR1 | I33: Lvl | J33: AllPub | K33: CulDSac | L33: Gtl | M33: Sawyer | N33: Norm | O33: Norm | P33: 1Fam | Q33: 1Story | R33: 5 | S33: 6 | T33: 1966 | U33: 2006 | V33: Gable | W33: CompShg | X33: HdBoard | Y33: HdBoard | Z33: None | AA33: 0 | AB33: TA | AC33: TA | AD33: CBlock | AE33: TA | AF33: TA | AG33: No | AH33: Unf | AI33: 0 | AJ33: Unf | AK33: 0 | AL33: 1228 | AM33: 1228 | AN33: GasA | AO33: Gd | AP33: Y | AQ33: SBrkr | AR33: 1228 | AS33: 0 | AT33: 0 | AU33: 1228 | AV33: 0 | AW33: 0 | AX33: 1 | AY33: 1 | AZ33: 3 | BA33: 1 | BB33: Gd | BC33: 6 | BD33: Typ | BE33: 0 | BG33: Attchd | BH33: 1966 | BI33: Unf | BJ33: 1 | BK33: 271 | BL33: TA | BM33: TA | BN33: Y | BO33: 0 | BP33: 65 | BQ33: 0 | BR33: 0 | BS33: 0 | BT33: 0 | BV33: MnPrv | BX33: 0 | BY33: 6 | BZ33: 2008 | CA33: WD | CB33: Normal | CC33: 149350
A34: 33 | B34: 20 | C34: RL | D34: 85 | E34: 11049 | F34: Pave | H34: Reg | I34: Lvl | J34: AllPub | K34: Corner | L34: Gtl | M34: CollgCr | N34: Norm | O34: Norm | P34: 1Fam | Q34: 1Story | R34: 8 | S34: 5 | T34: 2007 | U34: 2007 | V34: Gable | W34: CompShg | X34: VinylSd | Y34: VinylSd | Z34: None | AA34: 0 | AB34: Gd | AC34: TA | AD34: PConc | AE34: Ex | AF34: TA | AG34: Av | AH34: Unf | AI34: 0 | AJ34: Unf | AK34: 0 | AL34: 1234 | AM34: 1234 | AN34: GasA | AO34: Ex | AP34: Y | AQ34: SBrkr | AR34: 1234 | AS34: 0 | AT34: 0 | AU34: 1234 | AV34: 0 | AW34: 0 | AX34: 2 | AY34: 0 | AZ34: 3 | BA34: 1 | BB34: Gd | BC34: 7 | BD34: Typ | BE34: 0 | BG34: Attchd | BH34: 2007 | BI34: RFn | BJ34: 2 | BK34: 484 | BL34: TA | BM34: TA | BN34: Y | BO34: 0 | BP34: 30 | BQ34: 0 | BR34: 0 | BS34: 0 | BT34: 0 | BX34: 0 | BY34: 1 | BZ34: 2008 | CA34: WD | CB34: Normal | CC34: 179900
A35: 34 | B35: 20 | C35: RL | D35: 70 | E35: 10552 | F35: Pave | H35: IR1 | I35: Lvl | J35: AllPub | K35: Inside | L35: Gtl | M35: mes | N35: Norm | O35: Norm | P35: 1Fam | Q35: 1Story | R35: 5 | S35: 5 | T35: 1959 | U35: 1959 | V35: Hip | W35: CompShg | X35: BrkFace | Y35: BrkFace | Z35: None | AA35: 0 | AB35: TA | AC35: TA | AD35: CBlock | AE35: TA | AF35: TA | AG35: No | AH35: Rec | AI35: 1018 | AJ35: Unf | AK35: 0 | AL35: 380 | AM35: 1398 | AN35: GasA | AO35: Gd | AP35: Y | AQ35: SBrkr | AR35: 1700 | AS35: 0 | AT35: 0 | AU35: 1700 | AV35: 0 | AW35: 1 | AX35: 1 | AY35: 1 | AZ35: 4 | BA35: 1 | BB35: Gd | BC35: 6 | BD35: Typ | BE35: 1 | BF35: Gd | BG35: Attchd | BH35: 1959 | BI35: RFn | BJ35: 2 | BK35: 447 | BL35: TA | BM35: TA | BN35: Y | BO35: 0 | BP35: 38 | BQ35: 0 | BR35: 0 | BS35: 0 | BT35: 0 | BX35: 0 | BY35: 4 | BZ35: 2010 | CA35: WD | CB35: Normal | CC35: 165500
A36: 35 | B36: 120 | C36: RL | D36: 60 | E36: 7313 | F36: Pave | H36: Reg | I36: Lvl | J36: AllPub | K36: Inside | L36: Gtl | M36: NridgHt | N36: Norm | O36: Norm | P36: TwnhsE | Q36: 1Story | R36: 9 | S36: 5 | T36: 2005 | U36: 2005 | V36: Hip | W36: CompShg | X36: MetalSd | Y36: MetalSd | Z36: BrkFace | AA36: 246 | AB36: Ex | AC36: TA | AD36: PConc | AE36: Ex | AF36: TA | AG36: No | AH36: GLQ | AI36: 1153 | AJ36: Unf | AK36: 0 | AL36: 408 | AM36: 1561 | AN36: GasA | AO36: Ex | AP36: Y | AQ36: SBrkr | AR36: 1561 | AS36: 0 | AT36: 0 | AU36: 1561 | AV36: 1 | AW36: 0 | AX36: 2 | AY36: 0 | AZ36: 2 | BA36: 1 | BB36: Ex | BC36: 6 | BD36: Typ | BE36: 1 | BF36: Gd | BG36: Attchd | BH36: 2005 | BI36: Fin | BJ36: 2 | BK36: 556 | BL36: TA | BM36: TA | BN36: Y | BO36: 203 | BP36: 47 | BQ36: 0 | BR36: 0 | BS36: 0 | BT36: 0 | BX36: 0 | BY36: 8 | BZ36: 2007 | CA36: WD | CB36: Normal | CC36: 277500
A37: 36 | B37: 60 | C37: RL | D37: 108 | E37: 13418 | F37: Pave | H37: Reg | I37: Lvl | J37: AllPub | K37: Inside | L37: Gtl | M37: NridgHt | N37: Norm | O37: Norm | P37: 1Fam | Q37: 2Story | R37: 8 | S37: 5 | T37: 2004 | U37: 2005 | V37: Gable | W37: CompShg | X37: VinylSd | Y37: VinylSd | Z37: Stone | AA37: 132 | AB37: Gd | AC37: TA | AD37: PConc | AE37: Ex | AF37: TA | AG37: Av | AH37: Unf | AI37: 0 | AJ37: Unf | AK37: 0 | AL37: 1117 | AM37: 1117 | AN37: GasA | AO37: Ex | AP37: Y | AQ37: SBrkr | AR37: 1132 | AS37: 1320 | AT37: 0 | AU37: 2452 | AV37: 0 | AW37: 0 | AX37: 3 | AY37: 1 | AZ37: 4 | BA37: 1 | BB37: Gd | BC37: 9 | BD37: Typ | BE37: 1 | BF37: Gd | BG37: BuiltIn | BH37: 2004 | BI37: Fin | BJ37: 3 | BK37: 691 | BL37: TA | BM37: TA | BN37: Y | BO37: 113 | BP37: 32 | BQ37: 0 | BR37: 0 | BS37: 0 | BT37: 0 | BX37: 0 | BY37: 9 | BZ37: 2006 | CA37: WD | CB37: Normal | CC37: 309000
A38: 37 | B38: 20 | C38: RL | D38: 112 | E38: 10859 | F38: Pave | H38: Reg | I38: Lvl | J38: AllPub | K38: Corner | L38: Gtl | M38: CollgCr | N38: Norm | O38: Norm | P38: 1Fam | Q38: 1Story | R38: 5 | S38: 5 | T38: 1994 | U38: 1995 | V38: Gable | W38: CompShg | X38: VinylSd | Y38: VinylSd | Z38: None | AA38: 0 | AB38: TA | AC38: TA | AD38: PConc | AE38: Gd | AF38: TA | AG38: No | AH38: Unf | AI38: 0 | AJ38: Unf | AK38: 0 | AL38: 1097 | AM38: 1097 | AN38: GasA | AO38: Ex | AP38: Y | AQ38: SBrkr | AR38: 1097 | AS38: 0 | AT38: 0 | AU38: 1097 | AV38: 0 | AW38: 0 | AX38: 1 | AY38: 1 | AZ38: 3 | BA38: 1 | BB38: TA | BC38: 6 | BD38: Typ | BE38: 0 | BG38: Attchd | BH38: 1995 | BI38: Unf | BJ38: 2 | BK38: 672 | BL38: TA | BM38: TA | BN38: Y | BO38: 392 | BP38: 64 | BQ38: 0 | BR38: 0 | BS38: 0 | BT38: 0 | BX38: 0 | BY38: 6 | BZ38: 2009 | CA38: WD | CB38: Normal | CC38: 145000
A39: 38 | B39: 20 | C39: RL | D39: 74 | E39: 8532 | F39: Pave | H39: Reg | I39: Lvl | J39: AllPub | K39: Inside | L39: Gtl | M39: mes | N39: Norm | O39: Norm | P39: 1Fam | Q39: 1Story | R39: 5 | S39: 6 | T39: 1954 | U39: 1990 | V39: Hip | W39: CompShg | X39: Wd Sdng | Y39: Wd Sdng | Z39: BrkFace | AA39: 650 | AB39: TA | AC39: TA | AD39: CBlock | AE39: TA | AF39: TA | AG39: No | AH39: Rec | AI39: 1213 | AJ39: Unf | AK39: 0 | AL39: 84 | AM39: 1297 | AN39: GasA | AO39: Gd | AP39: Y | AQ39: SBrkr | AR39: 1297 | AS39: 0 | AT39: 0 | AU39: 1297 | AV39: 0 | AW39: 1 | AX39: 1 | AY39: 0 | AZ39: 3 | BA39: 1 | BB39: TA | BC39: 5 | BD39: Typ | BE39: 1 | BF39: TA | BG39: Attchd | BH39: 1954 | BI39: Fin | BJ39: 2 | BK39: 498 | BL39: TA | BM39: TA | BN39: Y | BO39: 0 | BP39: 0 | BQ39: 0 | BR39: 0 | BS39: 0 | BT39: 0 | BX39: 0 | BY39: 10 | BZ39: 2009 | CA39: WD | CB39: Normal | CC39: 153000
A40: 39 | B40: 20 | C40: RL | D40: 68 | E40: 7922 | F40: Pave | H40: Reg | I40: Lvl | J40: AllPub | K40: Inside | L40: Gtl | M40: mes | N40: Norm | O40: Norm | P40: 1Fam | Q40: 1Story | R40: 5 | S40: 7 | T40: 1953 | U40: 2007 | V40: Gable | W40: CompShg | X40: VinylSd | Y40: VinylSd | Z40: None | AA40: 0 | AB40: TA | AC40: Gd | AD40: CBlock | AE40: TA | AF40: TA | AG40: No | AH40: GLQ | AI40: 731 | AJ40: Unf | AK40: 0 | AL40: 326 | AM40: 1057 | AN40: GasA | AO40: TA | AP40: Y | AQ40: SBrkr | AR40: 1057 | AS40: 0 | AT40: 0 | AU40: 1057 | AV40: 1 | AW40: 0 | AX40: 1 | AY40: 0 | AZ40: 3 | BA40: 1 | BB40: Gd | BC40: 5 | BD40: Typ | BE40: 0 | BG40: Detchd | BH40: 1953 | BI40: Unf | BJ40: 1 | BK40: 246 | BL40: TA | BM40: TA | BN40: Y | BO40: 0 | BP40: 52 | BQ40: 0 | BR40: 0 | BS40: 0 | BT40: 0 | BX40: 0 | BY40: 1 | BZ40: 2010 | CA40: WD | CB40: Abnorml | CC40: 109000
A41: 40 | B41: 90 | C41: RL | D41: 65 | E41: 6040 | F41: Pave | H41: Reg | I41: Lvl | J41: AllPub | K41: Inside | L41: Gtl | M41: Edwards | N41: Norm | O41: Norm | P41: Duplex | Q41: 1Story | R41: 4 | S41: 5 | T41: 1955 | U41: 1955 | V41: Gable | W41: CompShg | X41: AsbShng | Y41: Plywood | Z41: None | AA41: 0 | AB41: TA | AC41: TA | AD41: PConc | AI41: 0 | AK41: 0 | AL41: 0 | AM41: 0 | AN41: GasA | AO41: TA | AP41: N | AQ41: FuseP | AR41: 1152 | AS41: 0 | AT41: 0 | AU41: 1152 | AV41: 0 | AW41: 0 | AX41: 2 | AY41: 0 | AZ41: 2 | BA41: 2 | BB41: Fa | BC41: 6 | BD41: Typ | BE41: 0 | BJ41: 0 | BK41: 0 | BN41: N | BO41: 0 | BP41: 0 | BQ41: 0 | BR41: 0 | BS41: 0 | BT41: 0 | BX41: 0 | BY41: 6 | BZ41: 2008 | CA41: WD | CB41: AdjLand | CC41: 82000
A42: 41 | B42: 20 | C42: RL | D42: 84 | E42: 8658 | F42: Pave | H42: Reg | I42: Lvl | J42: AllPub | K42: Inside | L42: Gtl | M42: mes | N42: Norm | O42: Norm | P42: 1Fam | Q42: 1Story | R42: 6 | S42: 5 | T42: 1965 | U42: 1965 | V42: Gable | W42: CompShg | X42: Wd Sdng | Y42: Wd Sdng | Z42: BrkFace | AA42: 101 | AB42: TA | AC42: TA | AD42: CBlock | AE42: TA | AF42: TA | AG42: No | AH42: Rec | AI42: 643 | AJ42: Unf | AK42: 0 | AL42: 445 | AM42: 1088 | AN42: GasA | AO42: Ex | AP42: Y | AQ42: SBrkr | AR42: 1324 | AS42: 0 | AT42: 0 | AU42: 1324 | AV42: 0 | AW42: 0 | AX42: 2 | AY42: 0 | AZ42: 3 | BA42: 1 | BB42: TA | BC42: 6 | BD42: Typ | BE42: 1 | BF42: TA | BG42: Attchd | BH42: 1965 | BI42: RFn | BJ42: 2 | BK42: 440 | BL42: TA | BM42: TA | BN42: Y | BO42: 0 | BP42: 138 | BQ42: 0 | BR42: 0 | BS42: 0 | BT42: 0 | BV42: GdWo | BX42: 0 | BY42: 12 | BZ42: 2006 | CA42: WD | CB42: Abnorml | CC42: 160000
A43: 42 | B43: 20 | C43: RL | D43: 115 | E43: 16905 | F43: Pave | H43: Reg | I43: Lvl | J43: AllPub | K43: Inside | L43: Gtl | M43: Timber | N43: Norm | O43: Norm | P43: 1Fam | Q43: 1Story | R43: 5 | S43: 6 | T43: 1959 | U43: 1959 | V43: Gable | W43: CompShg | X43: VinylSd | Y43: VinylSd | Z43: None | AA43: 0 | AB43: TA | AC43: Gd | AD43: CBlock | AE43: TA | AF43: TA | AG43: Gd | AH43: BLQ | AI43: 967 | AJ43: Unf | AK43: 0 | AL43: 383 | AM43: 1350 | AN43: GasA | AO43: Gd | AP43: Y | AQ43: SBrkr | AR43: 1328 | AS43: 0 | AT43: 0 | AU43: 1328 | AV43: 0 | AW43: 1 | AX43: 1 | AY43: 1 | AZ43: 2 | BA43: 1 | BB43: TA | BC43: 5 | BD43: Typ | BE43: 2 | BF43: Gd | BG43: Attchd | BH43: 1959 | BI43: RFn | BJ43: 1 | BK43: 308 | BL43: TA | BM43: TA | BN43: P | BO43: 0 | BP43: 104 | BQ43: 0 | BR43: 0 | BS43: 0 | BT43: 0 | BX43: 0 | BY43: 7 | BZ43: 2007 | CA43: WD | CB43: Normal | CC43: 170000
A44: 43 | B44: 85 | C44: RL | E44: 9180 | F44: Pave | H44: IR1 | I44: Lvl | J44: AllPub | K44: CulDSac | L44: Gtl | M44: SawyerW | N44: Norm | O44: Norm | P44: 1Fam | Q44: SFoyer | R44: 5 | S44: 7 | T44: 1983 | U44: 1983 | V44: Gable | W44: CompShg | X44: HdBoard | Y44: HdBoard | Z44: None | AA44: 0 | AB44: TA | AC44: TA | AD44: CBlock | AE44: Gd | AF44: TA | AG44: Av | AH44: ALQ | AI44: 747 | AJ44: LwQ | AK44: 93 | AL44: 0 | AM44: 840 | AN44: GasA | AO44: Gd | AP44: Y | AQ44: SBrkr | AR44: 884 | AS44: 0 | AT44: 0 | AU44: 884 | AV44: 1 | AW44: 0 | AX44: 1 | AY44: 0 | AZ44: 2 | BA44: 1 | BB44: Gd | BC44: 5 | BD44: Typ | BE44: 0 | BG44: Attchd | BH44: 1983 | BI44: RFn | BJ44: 2 | BK44: 504 | BL44: TA | BM44: Gd | BN44: Y | BO44: 240 | BP44: 0 | BQ44: 0 | BR44: 0 | BS44: 0 | BT44: 0 | BV44: MnPrv | BX44: 0 | BY44: 12 | BZ44: 2007 | CA44: WD | CB44: Normal | CC44: 144000
A45: 44 | B45: 20 | C45: RL | E45: 9200 | F45: Pave | H45: IR1 | I45: Lvl | J45: AllPub | K45: CulDSac | L45: Gtl | M45: CollgCr | N45: Norm | O45: Norm | P45: 1Fam | Q45: 1Story | R45: 5 | S45: 6 | T45: 1975 | U45: 1980 | V45: Hip | W45: CompShg | X45: VinylSd | Y45: VinylSd | Z45: None | AA45: 0 | AB45: TA | AC45: TA | AD45: CBlock | AE45: Gd | AF45: TA | AG45: Av | AH45: LwQ | AI45: 280 | AJ45: BLQ | AK45: 491 | AL45: 167 | AM45: 938 | AN45: GasA | AO45: TA | AP45: Y | AQ45: SBrkr | AR45: 938 | AS45: 0 | AT45: 0 | AU45: 938 | AV45: 1 | AW45: 0 | AX45: 1 | AY45: 0 | AZ45: 3 | BA45: 1 | BB45: TA | BC45: 5 | BD45: Typ | BE45: 0 | BG45: Detchd | BH45: 1977 | BI45: Unf | BJ45: 1 | BK45: 308 | BL45: TA | BM45: TA | BN45: Y | BO45: 145 | BP45: 0 | BQ45: 0 | BR45: 0 | BS45: 0 | BT45: 0 | BV45: MnPrv | BX45: 0 | BY45: 7 | BZ45: 2008 | CA45: WD | CB45: Normal | CC45: 130250
A46: 45 | B46: 20 | C46: RL | D46: 70 | E46: 7945 | F46: Pave | H46: Reg | I46: Lvl | J46: AllPub | K46: Inside | L46: Gtl | M46: mes | N46: Norm | O46: Norm | P46: 1Fam | Q46: 1Story | R46: 5 | S46: 6 | T46: 1959 | U46: 1959 | V46: Gable | W46: CompShg | X46: BrkFace | Y46: Wd Sdng | Z46: None | AA46: 0 | AB46: TA | AC46: TA | AD46: CBlock | AE46: TA | AF46: TA | AG46: No | AH46: ALQ | AI46: 179 | AJ46: BLQ | AK46: 506 | AL46: 465 | AM46: 1150 | AN46: GasA | AO46: Ex | AP46: Y | AQ46: FuseA | AR46: 1150 | AS46: 0 | AT46: 0 | AU46: 1150 | AV46: 1 | AW46: 0 | AX46: 1 | AY46: 0 | AZ46: 3 | BA46: 1 | BB46: TA | BC46: 6 | BD46: Typ | BE46: 0 | BG46: Attchd | BH46: 1959 | BI46: RFn | BJ46: 1 | BK46: 300 | BL46: TA | BM46: TA | BN46: Y | BO46: 0 | BP46: 0 | BQ46: 0 | BR46: 0 | BS46: 0 | BT46: 0 | BX46: 0 | BY46: 5 | BZ46: 2006 | CA46: WD | CB46: Normal | CC46: 141000
A47: 46 | B47: 120 | C47: RL | D47: 61 | E47: 7658 | F47: Pave | H47: Reg | I47: Lvl | J47: AllPub | K47: Inside | L47: Gtl | M47: NridgHt | N47: Norm | O47: Norm | P47: TwnhsE | Q47: 1Story | R47: 9 | S47: 5 | T47: 2005 | U47: 2005 | V47: Hip | W47: CompShg | X47: MetalSd | Y47: MetalSd | Z47: BrkFace | AA47: 412 | AB47: Ex | AC47: TA | AD47: PConc | AE47: Ex | AF47: TA | AG47: No | AH47: GLQ | AI47: 456 | AJ47: Unf | AK47: 0 | AL47: 1296 | AM47: 1752 | AN47: GasA | AO47: Ex | AP47: Y | AQ47: SBrkr | AR47: 1752 | AS47: 0 | AT47: 0 | AU47: 1752 | AV47: 1 | AW47: 0 | AX47: 2 | AY47: 0 | AZ47: 2 | BA47: 1 | BB47: Ex | BC47: 6 | BD47: Typ | BE47: 1 | BF47: Gd | BG47: Attchd | BH47: 2005 | BI47: RFn | BJ47: 2 | BK47: 576 | BL47: TA | BM47: TA | BN47: Y | BO47: 196 | BP47: 82 | BQ47: 0 | BR47: 0 | BS47: 0 | BT47: 0 | BX47: 0 | BY47: 2 | BZ47: 2010 | CA47: WD | CB47: Normal | CC47: 319900
A48: 47 | B48: 50 | C48: RL | D48: 48 | E48: 12822 | F48: Pave | H48: IR1 | I48: Lvl | J48: AllPub | K48: CulDSac | L48: Gtl | M48: Mitchel | N48: Norm | O48: Norm | P48: 1Fam | Q48: 1.5Fin | R48: 7 | S48: 5 | T48: 2003 | U48: 2003 | V48: Gable | W48: CompShg | X48: VinylSd | Y48: VinylSd | Z48: None | AA48: 0 | AB48: Gd | AC48: TA | AD48: PConc | AE48: Ex | AF48: TA | AG48: No | AH48: GLQ | AI48: 1351 | AJ48: Unf | AK48: 0 | AL48: 83 | AM48: 1434 | AN48: GasA | AO48: Ex | AP48: Y | AQ48: SBrkr | AR48: 1518 | AS48: 631 | AT48: 0 | AU48: 2149 | AV48: 1 | AW48: 0 | AX48: 1 | AY48: 1 | AZ48: 1 | BA48: 1 | BB48: Gd | BC48: 6 | BD48: Typ | BE48: 1 | BF48: Ex | BG48: Attchd | BH48: 2003 | BI48: RFn | BJ48: 2 | BK48: 670 | BL48: TA | BM48: TA | BN48: Y | BO48: 168 | BP48: 43 | BQ48: 0 | BR48: 0 | BS48: 198 | BT48: 0 | BX48: 0 | BY48: 8 | BZ48: 2009 | CA48: WD | CB48: Abnorml | CC48: 239686
A49: 48 | B49: 20 | C49: FV | D49: 84 | E49: 11096 | F49: Pave | H49: Reg | I49: Lvl | J49: AllPub | K49: Inside | L49: Gtl | M49: Somerst | N49: Norm | O49: Norm | P49: 1Fam | Q49: 1Story | R49: 8 | S49: 5 | T49: 2006 | U49: 2006 | V49: Gable | W49: CompShg | X49: VinylSd | Y49: VinylSd | Z49: None | AA49: 0 | AB49: Gd | AC49: TA | AD49: PConc | AE49: Gd | AF49: TA | AG49: Av | AH49: GLQ | AI49: 24 | AJ49: Unf | AK49: 0 | AL49: 1632 | AM49: 1656 | AN49: GasA | AO49: Ex | AP49: Y | AQ49: SBrkr | AR49: 1656 | AS49: 0 | AT49: 0 | AU49: 1656 | AV49: 0 | AW49: 0 | AX49: 2 | AY49: 0 | AZ49: 3 | BA49: 1 | BB49: Gd | BC49: 7 | BD49: Typ | BE49: 0 | BG49: Attchd | BH49: 2006 | BI49: RFn | BJ49: 3 | BK49: 826 | BL49: TA | BM49: TA | BN49: Y | BO49: 0 | BP49: 146 | BQ49: 0 | BR49: 0 | BS49: 0 | BT49: 0 | BX49: 0 | BY49: 7 | BZ49: 2007 | CA49: WD | CB49: Normal | CC49: 249700
A50: 49 | B50: 190 | C50: RM | D50: 33 | E50: 4456 | F50: Pave | H50: Reg | I50: Lvl | J50: AllPub | K50: Inside | L50: Gtl | M50: OldTown | N50: Norm | O50: Norm | P50: 2fmCon | Q50: 2Story | R50: 4 | S50: 5 | T50: 1920 | U50: 2008 | V50: Gable | W50: CompShg | X50: MetalSd | Y50: MetalSd | Z50: None | AA50: 0 | AB50: TA | AC50: TA | AD50: BrkTil | AE50: TA | AF50: TA | AG50: No | AH50: Unf | AI50: 0 | AJ50: Unf | AK50: 0 | AL50: 736 | AM50: 736 | AN50: GasA | AO50: Gd | AP50: Y | AQ50: SBrkr | AR50: 736 | AS50: 716 | AT50: 0 | AU50: 1452 | AV50: 0 | AW50: 0 | AX50: 2 | AY50: 0 | AZ50: 2 | BA50: 3 | BB50: TA | BC50: 8 | BD50: Typ | BE50: 0 | BJ50: 0 | BK50: 0 | BN50: N | BO50: 0 | BP50: 0 | BQ50: 102 | BR50: 0 | BS50: 0 | BT50: 0 | BX50: 0 | BY50: 6 | BZ50: 2009 | CA50: New | CB50: Partial | CC50: 113000
A51: 50 | B51: 20 | C51: RL | D51: 66 | E51: 7742 | F51: Pave | H51: Reg | I51: Lvl | J51: AllPub | K51: Inside | L51: Gtl | M51: Sawyer | N51: Norm | O51: Norm | P51: 1Fam | Q51: 1Story | R51: 5 | S51: 7 | T51: 1966 | U51: 1966 | V51: Gable | W51: CompShg | X51: HdBoard | Y51: HdBoard | Z51: None | AA51: 0 | AB51: TA | AC51: TA | AD51: CBlock | AE51: TA | AF51: TA | AG51: No | AH51: BLQ | AI51: 763 | AJ51: Unf | AK51: 0 | AL51: 192 | AM51: 955 | AN51: GasA | AO51: Ex | AP51: Y | AQ51: SBrkr | AR51: 955 | AS51: 0 | AT51: 0 | AU51: 955 | AV51: 1 | AW51: 0 | AX51: 1 | AY51: 0 | AZ51: 3 | BA51: 1 | BB51: TA | BC51: 6 | BD51: Typ | BE51: 0 | BG51: Attchd | BH51: 1966 | BI51: Unf | BJ51: 1 | BK51: 386 | BL51: TA | BM51: TA | BN51: Y | BO51: 0 | BP51: 0 | BQ51: 0 | BR51: 0 | BS51: 0 | BT51: 0 | BV51: MnPrv | BX51: 0 | BY51: 1 | BZ51: 2007 | CA51: WD | CB51: Normal | CC51: 127000
A52: 51 | B52: 60 | C52: RL | E52: 13869 | F52: Pave | H52: IR2 | I52: Lvl | J52: AllPub | K52: Corner | L52: Gtl | M52: Gilbert | N52: Norm | O52: Norm | P52: 1Fam | Q52: 2Story | R52: 6 | S52: 6 | T52: 1997 | U52: 1997 | V52: Gable | W52: CompShg | X52: VinylSd | Y52: VinylSd | Z52: None | AA52: 0 | AB52: TA | AC52: TA | AD52: PConc | AE52: Gd | AF52: TA | AG52: Av | AH52: GLQ | AI52: 182 | AJ52: Unf | AK52: 0 | AL52: 612 | AM52: 794 | AN52: GasA | AO52: Gd | AP52: Y | AQ52: SBrkr | AR52: 794 | AS52: 676 | AT52: 0 | AU52: 1470 | AV52: 0 | AW52: 1 | AX52: 2 | AY52: 0 | AZ52: 3 | BA52: 1 | BB52: TA | BC52: 6 | BD52: Typ | BE52: 0 | BG52: Attchd | BH52: 1997 | BI52: Fin | BJ52: 2 | BK52: 388 | BL52: TA | BM52: TA | BN52: Y | BO52: 0 | BP52: 75 | BQ52: 0 | BR52: 0 | BS52: 0 | BT52: 0 | BX52: 0 | BY52: 7 | BZ52: 2007 | CA52: WD | CB52: Normal | CC52: 177000
A53: 52 | B53: 50 | C53: RM | D53: 52 | E53: 6240 | F53: Pave | H53: Reg | I53: Lvl | J53: AllPub | K53: Inside | L53: Gtl | M53: BrkSide | N53: Norm | O53: Norm | P53: 1Fam | Q53: 1.5Fin | R53: 6 | S53: 6 | T53: 1934 | U53: 1950 | V53: Gable | W53: CompShg | X53: Wd Sdng | Y53: Wd Sdng | Z53: None | AA53: 0 | AB53: TA | AC53: TA | AD53: PConc | AE53: TA | AF53: TA | AG53: No | AH53: Unf | AI53: 0 | AJ53: Unf | AK53: 0 | AL53: 816 | AM53: 816 | AN53: GasA | AO53: TA | AP53: Y | AQ53: SBrkr | AR53: 816 | AS53: 0 | AT53: 360 | AU53: 1176 | AV53: 0 | AW53: 0 | AX53: 1 | AY53: 0 | AZ53: 3 | BA53: 1 | BB53: TA | BC53: 6 | BD53: Typ | BE53: 1 | BF53: Gd | BG53: Detchd | BH53: 1985 | BI53: Unf | BJ53: 2 | BK53: 528 | BL53: TA | BM53: TA | BN53: Y | BO53: 112 | BP53: 0 | BQ53: 0 | BR53: 0 | BS53: 0 | BT53: 0 | BV53: MnPrv | BW53: Shed | BX53: 400 | BY53: 9 | BZ53: 2006 | CA53: WD | CB53: Normal | CC53: 114500
A54: 53 | B54: 90 | C54: RM | D54: 110 | E54: 8472 | F54: Grvl | H54: IR2 | I54: Bnk | J54: AllPub | K54: Corner | L54: Mod | M54: IDOTRR | N54: RRNn | O54: Norm | P54: Duplex | Q54: 1Story | R54: 5 | S54: 5 | T54: 1963 | U54: 1963 | V54: Gable | W54: CompShg | X54: Wd Sdng | Y54: Wd Sdng | Z54: None | AA54: 0 | AB54: Fa | AC54: TA | AD54: CBlock | AE54: Gd | AF54: TA | AG54: Gd | AH54: LwQ | AI54: 104 | AJ54: GLQ | AK54: 712 | AL54: 0 | AM54: 816 | AN54: GasA | AO54: TA | AP54: N | AQ54: SBrkr | AR54: 816 | AS54: 0 | AT54: 0 | AU54: 816 | AV54: 1 | AW54: 0 | AX54: 1 | AY54: 0 | AZ54: 2 | BA54: 1 | BB54: TA | BC54: 5 | BD54: Typ | BE54: 0 | BG54: CarPort | BH54: 1963 | BI54: Unf | BJ54: 2 | BK54: 516 | BL54: TA | BM54: TA | BN54: Y | BO54: 106 | BP54: 0 | BQ54: 0 | BR54: 0 | BS54: 0 | BT54: 0 | BX54: 0 | BY54: 5 | BZ54: 2010 | CA54: WD | CB54: Normal | CC54: 110000
A55: 54 | B55: 20 | C55: RL | D55: 68 | E55: 50271 | F55: Pave | H55: IR1 | I55: Low | J55: AllPub | K55: Inside | L55: Gtl | M55: Veenker | N55: Norm | O55: Norm | P55: 1Fam | Q55: 1Story | R55: 9 | S55: 5 | T55: 1981 | U55: 1987 | V55: Gable | W55: WdShngl | X55: WdShing | Y55: Wd Shng | Z55: None | AA55: 0 | AB55: Gd | AC55: TA | AD55: CBlock | AE55: Ex | AF55: TA | AG55: Gd | AH55: GLQ | AI55: 1810 | AJ55: Unf | AK55: 0 | AL55: 32 | AM55: 1842 | AN55: GasA | AO55: Gd | AP55: Y | AQ55: SBrkr | AR55: 1842 | AS55: 0 | AT55: 0 | AU55: 1842 | AV55: 2 | AW55: 0 | AX55: 0 | AY55: 1 | AZ55: 0 | BA55: 1 | BB55: Gd | BC55: 5 | BD55: Typ | BE55: 1 | BF55: Gd | BG55: Attchd | BH55: 1981 | BI55: Fin | BJ55: 3 | BK55: 894 | BL55: TA | BM55: TA | BN55: Y | BO55: 857 | BP55: 72 | BQ55: 0 | BR55: 0 | BS55: 0 | BT55: 0 | BX55: 0 | BY55: 11 | BZ55: 2006 | CA55: WD | CB55: Normal | CC55: 385000
A56: 55 | B56: 80 | C56: RL | D56: 60 | E56: 7134 | F56: Pave | H56: Reg | I56: Bnk | J56: AllPub | K56: Inside | L56: Mod | M56: mes | N56: Norm | O56: Norm | P56: 1Fam | Q56: SLvl | R56: 5 | S56: 5 | T56: 1955 | U56: 1955 | V56: Gable | W56: CompShg | X56: MetalSd | Y56: MetalSd | Z56: None | AA56: 0 | AB56: TA | AC56: TA | AD56: CBlock | AE56: TA | AF56: TA | AG56: No | AH56: ALQ | AI56: 384 | AJ56: Unf | AK56: 0 | AL56: 0 | AM56: 384 | AN56: GasA | AO56: TA | AP56: Y | AQ56: SBrkr | AR56: 1360 | AS56: 0 | AT56: 0 | AU56: 1360 | AV56: 0 | AW56: 0 | AX56: 1 | AY56: 0 | AZ56: 3 | BA56: 1 | BB56: TA | BC56: 6 | BD56: Min1 | BE56: 1 | BF56: TA | BG56: Detchd | BH56: 1962 | BI56: Unf | BJ56: 2 | BK56: 572 | BL56: TA | BM56: TA | BN56: Y | BO56: 0 | BP56: 50 | BQ56: 0 | BR56: 0 | BS56: 0 | BT56: 0 | BV56: MnPrv | BX56: 0 | BY56: 2 | BZ56: 2007 | CA56: WD | CB56: Normal | CC56: 130000
A57: 56 | B57: 20 | C57: RL | D57: 100 | E57: 10175 | F57: Pave | H57: IR1 | I57: Lvl | J57: AllPub | K57: Inside | L57: Gtl | M57: mes | N57: Norm | O57: Norm | P57: 1Fam | Q57: 1Story | R57: 6 | S57: 5 | T57: 1964 | U57: 1964 | V57: Gable | W57: CompShg | X57: HdBoard | Y57: Plywood | Z57: BrkFace | AA57: 272 | AB57: TA | AC57: TA | AD57: CBlock | AE57: TA | AF57: TA | AG57: No | AH57: BLQ | AI57: 490 | AJ57: Unf | AK57: 0 | AL57: 935 | AM57: 1425 | AN57: GasA | AO57: Gd | AP57: Y | AQ57: SBrkr | AR57: 1425 | AS57: 0 | AT57: 0 | AU57: 1425 | AV57: 0 | AW57: 0 | AX57: 2 | AY57: 0 | AZ57: 3 | BA57: 1 | BB57: TA | BC57: 7 | BD57: Typ | BE57: 1 | BF57: Gd | BG57: Attchd | BH57: 1964 | BI57: RFn | BJ57: 2 | BK57: 576 | BL57: TA | BM57: TA | BN57: Y | BO57: 0 | BP57: 0 | BQ57: 0 | BR57: 407 | BS57: 0 | BT57: 0 | BX57: 0 | BY57: 7 | BZ57: 2008 | CA57: WD | CB57: Normal | CC57: 180500
A58: 57 | B58: 160 | C58: FV | D58: 24 | E58: 2645 | F58: Pave | G58: Pave | H58: Reg | I58: Lvl | J58: AllPub | K58: Inside | L58: Gtl | M58: Somerst | N58: Norm | O58: Norm | P58: Twnhs | Q58: 2Story | R58: 8 | S58: 5 | T58: 1999 | U58: 2000 | V58: Gable | W58: CompShg | X58: MetalSd | Y58: MetalSd | Z58: BrkFace | AA58: 456 | AB58: Gd | AC58: TA | AD58: PConc | AE58: Gd | AF58: TA | AG58: No | AH58: GLQ | AI58: 649 | AJ58: Unf | AK58: 0 | AL58: 321 | AM58: 970 | AN58: GasA | AO58: Ex | AP58: Y | AQ58: SBrkr | AR58: 983 | AS58: 756 | AT58: 0 | AU58: 1739 | AV58: 1 | AW58: 0 | AX58: 2 | AY58: 1 | AZ58: 3 | BA58: 1 | BB58: Gd | BC58: 7 | BD58: Typ | BE58: 0 | BG58: Attchd | BH58: 1999 | BI58: Fin | BJ58: 2 | BK58: 480 | BL58: TA | BM58: TA | BN58: Y | BO58: 115 | BP58: 0 | BQ58: 0 | BR58: 0 | BS58: 0 | BT58: 0 | BX58: 0 | BY58: 8 | BZ58: 2009 | CA58: WD | CB58: Abnorml | CC58: 172500
A59: 58 | B59: 60 | C59: RL | D59: 89 | E59: 11645 | F59: Pave | H59: IR1 | I59: Lvl | J59: AllPub | K59: Corner | L59: Gtl | M59: CollgCr | N59: Norm | O59: Norm | P59: 1Fam | Q59: 2Story | R59: 7 | S59: 5 | T59: 2004 | U59: 2004 | V59: Gable | W59: CompShg | X59: VinylSd | Y59: VinylSd | Z59: None | AA59: 0 | AB59: Gd | AC59: TA | AD59: PConc | AE59: Gd | AF59: TA | AG59: No | AH59: Unf | AI59: 0 | AJ59: Unf | AK59: 0 | AL59: 860 | AM59: 860 | AN59: GasA | AO59: Ex | AP59: Y | AQ59: SBrkr | AR59: 860 | AS59: 860 | AT59: 0 | AU59: 1720 | AV59: 0 | AW59: 0 | AX59: 2 | AY59: 1 | AZ59: 3 | BA59: 1 | BB59: Gd | BC59: 7 | BD59: Typ | BE59: 0 | BG59: Attchd | BH59: 2004 | BI59: RFn | BJ59: 2 | BK59: 565 | BL59: TA | BM59: TA | BN59: Y | BO59: 0 | BP59: 70 | BQ59: 0 | BR59: 0 | BS59: 0 | BT59: 0 | BX59: 0 | BY59: 8 | BZ59: 2006 | CA59: WD | CB59: Normal | CC59: 196500
A60: 59 | B60: 60 | C60: RL | D60: 66 | E60: 13682 | F60: Pave | H60: IR2 | I60: HLS | J60: AllPub | K60: CulDSac | L60: Gtl | M60: StoneBr | N60: Norm | O60: Norm | P60: 1Fam | Q60: 2Story | R60: 10 | S60: 5 | T60: 2006 | U60: 2006 | V60: Hip | W60: CompShg | X60: VinylSd | Y60: VinylSd | Z60: BrkFace | AA60: 1031 | AB60: Ex | AC60: TA | AD60: PConc | AE60: Ex | AF60: TA | AG60: Gd | AH60: Unf | AI60: 0 | AJ60: Unf | AK60: 0 | AL60: 1410 | AM60: 1410 | AN60: GasA | AO60: Ex | AP60: Y | AQ60: SBrkr | AR60: 1426 | AS60: 1519 | AT60: 0 | AU60: 2945 | AV60: 0 | AW60: 0 | AX60: 3 | AY60: 1 | AZ60: 3 | BA60: 1 | BB60: Gd | BC60: 10 | BD60: Typ | BE60: 1 | BF60: Gd | BG60: BuiltIn | BH60: 2006 | BI60: Fin | BJ60: 3 | BK60: 641 | BL60: TA | BM60: TA | BN60: Y | BO60: 192 | BP60: 0 | BQ60: 37 | BR60: 0 | BS60: 0 | BT60: 0 | BX60: 0 | BY60: 10 | BZ60: 2006 | CA60: New | CB60: Partial | CC60: 438780
A61: 60 | B61: 20 | C61: RL | D61: 60 | E61: 7200 | F61: Pave | H61: Reg | I61: Bnk | J61: AllPub | K61: Inside | L61: Gtl | M61: CollgCr | N61: Norm | O61: Norm | P61: 1Fam | Q61: 1Story | R61: 5 | S61: 7 | T61: 1972 | U61: 1972 | V61: Gable | W61: CompShg | X61: HdBoard | Y61: HdBoard | Z61: None | AA61: 0 | AB61: TA | AC61: TA | AD61: CBlock | AE61: TA | AF61: TA | AG61: Av | AH61: ALQ | AI61: 632 | AJ61: Unf | AK61: 0 | AL61: 148 | AM61: 780 | AN61: GasA | AO61: Ex | AP61: Y | AQ61: SBrkr | AR61: 780 | AS61: 0 | AT61: 0 | AU61: 780 | AV61: 0 | AW61: 0 | AX61: 1 | AY61: 0 | AZ61: 2 | BA61: 1 | BB61: TA | BC61: 4 | BD61: Typ | BE61: 0 | BG61: Detchd | BH61: 1973 | BI61: Unf | BJ61: 1 | BK61: 352 | BL61: TA | BM61: TA | BN61: Y | BO61: 196 | BP61: 0 | BQ61: 0 | BR61: 0 | BS61: 0 | BT61: 0 | BV61: MnPrv | BX61: 0 | BY61: 1 | BZ61: 2008 | CA61: WD | CB61: Normal | CC61: 124900
A62: 61 | B62: 20 | C62: RL | D62: 63 | E62: 13072 | F62: Pave | H62: Reg | I62: Lvl | J62: AllPub | K62: Inside | L62: Gtl | M62: SawyerW | N62: RRAe | O62: Norm | P62: 1Fam | Q62: 1Story | R62: 6 | S62: 5 | T62: 2004 | U62: 2004 | V62: Gable | W62: CompShg | X62: VinylSd | Y62: VinylSd | Z62: None | AA62: 0 | AB62: TA | AC62: TA | AD62: PConc | AE62: Gd | AF62: TA | AG62: No | AH62: ALQ | AI62: 941 | AJ62: Unf | AK62: 0 | AL62: 217 | AM62: 1158 | AN62: GasA | AO62: Ex | AP62: Y | AQ62: SBrkr | AR62: 1158 | AS62: 0 | AT62: 0 | AU62: 1158 | AV62: 1 | AW62: 0 | AX62: 1 | AY62: 1 | AZ62: 3 | BA62: 1 | BB62: Gd | BC62: 5 | BD62: Typ | BE62: 0 | BG62: Detchd | BH62: 2006 | BI62: Unf | BJ62: 2 | BK62: 576 | BL62: TA | BM62: TA | BN62: Y | BO62: 0 | BP62: 50 | BQ62: 0 | BR62: 0 | BS62: 0 | BT62: 0 | BX62: 0 | BY62: 5 | BZ62: 2006 | CA62: New | CB62: Partial | CC62: 158000
A63: 62 | B63: 75 | C63: RM | D63: 60 | E63: 7200 | F63: Pave | H63: Reg | I63: Lvl | J63: AllPub | K63: Inside | L63: Gtl | M63: IDOTRR | N63: Norm | O63: Norm | P63: 1Fam | Q63: 2.5Unf | R63: 5 | S63: 7 | T63: 1920 | U63: 1996 | V63: Gable | W63: CompShg | X63: MetalSd | Y63: MetalSd | Z63: None | AA63: 0 | AB63: TA | AC63: TA | AD63: BrkTil | AE63: TA | AF63: Fa | AG63: No | AH63: Unf | AI63: 0 | AJ63: Unf | AK63: 0 | AL63: 530 | AM63: 530 | AN63: GasA | AO63: TA | AP63: N | AQ63: SBrkr | AR63: 581 | AS63: 530 | AT63: 0 | AU63: 1111 | AV63: 0 | AW63: 0 | AX63: 1 | AY63: 0 | AZ63: 3 | BA63: 1 | BB63: Fa | BC63: 6 | BD63: Typ | BE63: 0 | BG63: Detchd | BH63: 1935 | BI63: Unf | BJ63: 1 | BK63: 288 | BL63: TA | BM63: TA | BN63: N | BO63: 0 | BP63: 0 | BQ63: 144 | BR63: 0 | BS63: 0 | BT63: 0 | BX63: 0 | BY63: 3 | BZ63: 2007 | CA63: WD | CB63: Normal | CC63: 101000
A64: 63 | B64: 120 | C64: RL | D64: 44 | E64: 6442 | F64: Pave | H64: IR1 | I64: Lvl | J64: AllPub | K64: Inside | L64: Gtl | M64: NridgHt | N64: Norm | O64: Norm | P64: TwnhsE | Q64: 1Story | R64: 8 | S64: 5 | T64: 2006 | U64: 2006 | V64: Gable | W64: CompShg | X64: VinylSd | Y64: VinylSd | Z64: Stone | AA64: 178 | AB64: Gd | AC64: TA | AD64: PConc | AE64: Gd | AF64: Gd | AG64: Mn | AH64: GLQ | AI64: 24 | AJ64: Unf | AK64: 0 | AL64: 1346 | AM64: 1370 | AN64: GasA | AO64: Ex | AP64: Y | AQ64: SBrkr | AR64: 1370 | AS64: 0 | AT64: 0 | AU64: 1370 | AV64: 0 | AW64: 0 | AX64: 2 | AY64: 0 | AZ64: 2 | BA64: 1 | BB64: Gd | BC64: 6 | BD64: Typ | BE64: 1 | BF64: Gd | BG64: Attchd | BH64: 2006 | BI64: RFn | BJ64: 2 | BK64: 484 | BL64: TA | BM64: TA | BN64: Y | BO64: 120 | BP64: 49 | BQ64: 0 | BR64: 0 | BS64: 0 | BT64: 0 | BX64: 0 | BY64: 10 | BZ64: 2007 | CA64: WD | CB64: Normal | CC64: 202500
A65: 64 | B65: 70 | C65: RM | D65: 50 | E65: 10300 | F65: Pave | H65: IR1 | I65: Bnk | J65: AllPub | K65: Inside | L65: Gtl | M65: OldTown | N65: RRAn | O65: Feedr | P65: 1Fam | Q65: 2Story | R65: 7 | S65: 6 | T65: 1921 | U65: 1950 | V65: Gable | W65: CompShg | X65: Stucco | Y65: Stucco | Z65: None | AA65: 0 | AB65: TA | AC65: TA | AD65: BrkTil | AE65: TA | AF65: TA | AG65: No | AH65: Unf | AI65: 0 | AJ65: Unf | AK65: 0 | AL65: 576 | AM65: 576 | AN65: GasA | AO65: Gd | AP65: Y | AQ65: SBrkr | AR65: 902 | AS65: 808 | AT65: 0 | AU65: 1710 | AV65: 0 | AW65: 0 | AX65: 2 | AY65: 0 | AZ65: 3 | BA65: 1 | BB65: TA | BC65: 9 | BD65: Typ | BE65: 0 | BG65: Detchd | BH65: 1990 | BI65: Unf | BJ65: 2 | BK65: 480 | BL65: TA | BM65: TA | BN65: Y | BO65: 12 | BP65: 11 | BQ65: 64 | BR65: 0 | BS65: 0 | BT65: 0 | BV65: GdPrv | BX65: 0 | BY65: 4 | BZ65: 2010 | CA65: WD | CB65: Normal | CC65: 140000
A66: 65 | B66: 60 | C66: RL | E66: 9375 | F66: Pave | H66: Reg | I66: Lvl | J66: AllPub | K66: Inside | L66: Gtl | M66: CollgCr | N66: Norm | O66: Norm | P66: 1Fam | Q66: 2Story | R66: 7 | S66: 5 | T66: 1997 | U66: 1998 | V66: Gable | W66: CompShg | X66: VinylSd | Y66: VinylSd | Z66: BrkFace | AA66: 573 | AB66: TA | AC66: TA | AD66: PConc | AE66: Gd | AF66: TA | AG66: No | AH66: GLQ | AI66: 739 | AJ66: Unf | AK66: 0 | AL66: 318 | AM66: 1057 | AN66: GasA | AO66: Ex | AP66: Y | AQ66: SBrkr | AR66: 1057 | AS66: 977 | AT66: 0 | AU66: 2034 | AV66: 1 | AW66: 0 | AX66: 2 | AY66: 1 | AZ66: 3 | BA66: 1 | BB66: Gd | BC66: 8 | BD66: Typ | BE66: 0 | BG66: Attchd | BH66: 1998 | BI66: RFn | BJ66: 2 | BK66: 645 | BL66: TA | BM66: TA | BN66: Y | BO66: 576 | BP66: 36 | BQ66: 0 | BR66: 0 | BS66: 0 | BT66: 0 | BV66: GdPrv | BX66: 0 | BY66: 2 | BZ66: 2009 | CA66: WD | CB66: Normal | CC66: 219500
A67: 66 | B67: 60 | C67: RL | D67: 76 | E67: 9591 | F67: Pave | H67: Reg | I67: Lvl | J67: AllPub | K67: Inside | L67: Gtl | M67: NridgHt | N67: Norm | O67: Norm | P67: 1Fam | Q67: 2Story | R67: 8 | S67: 5 | T67: 2004 | U67: 2005 | V67: Gable | W67: CompShg | X67: VinylSd | Y67: VinylSd | Z67: BrkFace | AA67: 344 | AB67: Gd | AC67: TA | AD67: PConc | AE67: Ex | AF67: TA | AG67: Av | AH67: Unf | AI67: 0 | AJ67: Unf | AK67: 0 | AL67: 1143 | AM67: 1143 | AN67: GasA | AO67: Ex | AP67: Y | AQ67: SBrkr | AR67: 1143 | AS67: 1330 | AT67: 0 | AU67: 2473 | AV67: 0 | AW67: 0 | AX67: 2 | AY67: 1 | AZ67: 4 | BA67: 1 | BB67: Gd | BC67: 9 | BD67: Typ | BE67: 1 | BF67: Gd | BG67: BuiltIn | BH67: 2004 | BI67: RFn | BJ67: 3 | BK67: 852 | BL67: TA | BM67: TA | BN67: Y | BO67: 192 | BP67: 151 | BQ67: 0 | BR67: 0 | BS67: 0 | BT67: 0 | BX67: 0 | BY67: 10 | BZ67: 2007 | CA67: WD | CB67: Normal | CC67: 317000
A68: 67 | B68: 20 | C68: RL | E68: 19900 | F68: Pave | H68: Reg | I68: Lvl | J68: AllPub | K68: Inside | L68: Gtl | M68: mes | N68: PosA | O68: Norm | P68: 1Fam | Q68: 1Story | R68: 7 | S68: 5 | T68: 1970 | U68: 1989 | V68: Gable | W68: CompShg | X68: Plywood | Y68: Plywood | Z68: BrkFace | AA68: 287 | AB68: TA | AC68: TA | AD68: CBlock | AE68: Gd | AF68: TA | AG68: Gd | AH68: GLQ | AI68: 912 | AJ68: Unf | AK68: 0 | AL68: 1035 | AM68: 1947 | AN68: GasA | AO68: TA | AP68: Y | AQ68: SBrkr | AR68: 2207 | AS68: 0 | AT68: 0 | AU68: 2207 | AV68: 1 | AW68: 0 | AX68: 2 | AY68: 0 | AZ68: 3 | BA68: 1 | BB68: TA | BC68: 7 | BD68: Min1 | BE68: 1 | BF68: Gd | BG68: Attchd | BH68: 1970 | BI68: RFn | BJ68: 2 | BK68: 576 | BL68: TA | BM68: TA | BN68: Y | BO68: 301 | BP68: 0 | BQ68: 0 | BR68: 0 | BS68: 0 | BT68: 0 | BX68: 0 | BY68: 7 | BZ68: 2010 | CA68: WD | CB68: Normal | CC68: 180000
A69: 68 | B69: 20 | C69: RL | D69: 72 | E69: 10665 | F69: Pave | H69: IR1 | I69: Lvl | J69: AllPub | K69: Inside | L69: Gtl | M69: CollgCr | N69: Norm | O69: Norm | P69: 1Fam | Q69: 1Story | R69: 7 | S69: 5 | T69: 2003 | U69: 2003 | V69: Gable | W69: CompShg | X69: VinylSd | Y69: VinylSd | Z69: BrkFace | AA69: 167 | AB69: Gd | AC69: TA | AD69: PConc | AE69: Gd | AF69: TA | AG69: Av | AH69: GLQ | AI69: 1013 | AJ69: Unf | AK69: 0 | AL69: 440 | AM69: 1453 | AN69: GasA | AO69: Ex | AP69: Y | AQ69: SBrkr | AR69: 1479 | AS69: 0 | AT69: 0 | AU69: 1479 | AV69: 1 | AW69: 0 | AX69: 2 | AY69: 0 | AZ69: 3 | BA69: 1 | BB69: Gd | BC69: 7 | BD69: Typ | BE69: 0 | BG69: Attchd | BH69: 2003 | BI69: RFn | BJ69: 2 | BK69: 558 | BL69: TA | BM69: TA | BN69: Y | BO69: 144 | BP69: 29 | BQ69: 0 | BR69: 0 | BS69: 0 | BT69: 0 | BX69: 0 | BY69: 6 | BZ69: 2007 | CA69: WD | CB69: Normal | CC69: 226000
A70: 69 | B70: 30 | C70: RM | D70: 47 | E70: 4608 | F70: Pave | H70: Reg | I70: Lvl | J70: AllPub | K70: Corner | L70: Gtl | M70: OldTown | N70: Artery | O70: Norm | P70: 1Fam | Q70: 1Story | R70: 4 | S70: 6 | T70: 1945 | U70: 1950 | V70: Gable | W70: CompShg | X70: MetalSd | Y70: MetalSd | Z70: None | AA70: 0 | AB70: TA | AC70: Gd | AD70: CBlock | AE70: TA | AF70: TA | AG70: No | AH70: Unf | AI70: 0 | AJ70: Unf | AK70: 0 | AL70: 747 | AM70: 747 | AN70: GasA | AO70: TA | AP70: Y | AQ70: SBrkr | AR70: 747 | AS70: 0 | AT70: 0 | AU70: 747 | AV70: 0 | AW70: 0 | AX70: 1 | AY70: 0 | AZ70: 2 | BA70: 1 | BB70: TA | BC70: 4 | BD70: Typ | BE70: 0 | BG70: Attchd | BH70: 1945 | BI70: Unf | BJ70: 1 | BK70: 220 | BL70: TA | BM70: TA | BN70: Y | BO70: 0 | BP70: 0 | BQ70: 0 | BR70: 0 | BS70: 0 | BT70: 0 | BX70: 0 | BY70: 6 | BZ70: 2010 | CA70: WD | CB70: Normal | CC70: 80000
A71: 70 | B71: 50 | C71: RL | D71: 81 | E71: 15593 | F71: Pave | H71: Reg | I71: Lvl | J71: AllPub | K71: Corner | L71: Gtl | M71: ClearCr | N71: Norm | O71: Norm | P71: 1Fam | Q71: 1.5Fin | R71: 7 | S71: 4 | T71: 1953 | U71: 1953 | V71: Gable | W71: CompShg | X71: BrkFace | Y71: AsbShng | Z71: None | AA71: 0 | AB71: Gd | AC71: TA | AD71: CBlock | AE71: TA | AF71: TA | AG71: No | AH71: BLQ | AI71: 603 | AJ71: Unf | AK71: 0 | AL71: 701 | AM71: 1304 | AN71: GasW | AO71: TA | AP71: Y | AQ71: SBrkr | AR71: 1304 | AS71: 983 | AT71: 0 | AU71: 2287 | AV71: 0 | AW71: 0 | AX71: 2 | AY71: 0 | AZ71: 3 | BA71: 1 | BB71: TA | BC71: 7 | BD71: Typ | BE71: 1 | BF71: TA | BG71: Attchd | BH71: 1953 | BI71: Fin | BJ71: 2 | BK71: 667 | BL71: TA | BM71: TA | BN71: Y | BO71: 0 | BP71: 21 | BQ71: 114 | BR71: 0 | BS71: 0 | BT71: 0 | BX71: 0 | BY71: 7 | BZ71: 2006 | CA71: WD | CB71: Normal | CC71: 225000
A72: 71 | B72: 20 | C72: RL | D72: 95 | E72: 13651 | F72: Pave | H72: IR1 | I72: Lvl | J72: AllPub | K72: Inside | L72: Gtl | M72: mes | N72: Norm | O72: Norm | P72: 1Fam | Q72: 1Story | R72: 7 | S72: 6 | T72: 1973 | U72: 1973 | V72: Gable | W72: CompShg | X72: Plywood | Y72: Plywood | Z72: BrkFace | AA72: 1115 | AB72: TA | AC72: Gd | AD72: CBlock | AE72: Gd | AF72: TA | AG72: Gd | AH72: ALQ | AI72: 1880 | AJ72: Unf | AK72: 0 | AL72: 343 | AM72: 2223 | AN72: GasA | AO72: Ex | AP72: Y | AQ72: SBrkr | AR72: 2223 | AS72: 0 | AT72: 0 | AU72: 2223 | AV72: 1 | AW72: 0 | AX72: 2 | AY72: 0 | AZ72: 3 | BA72: 1 | BB72: TA | BC72: 8 | BD72: Typ | BE72: 2 | BF72: Gd | BG72: Attchd | BH72: 1973 | BI72: Fin | BJ72: 2 | BK72: 516 | BL72: TA | BM72: TA | BN72: Y | BO72: 300 | BP72: 0 | BQ72: 0 | BR72: 0 | BS72: 0 | BT72: 0 | BX72: 0 | BY72: 2 | BZ72: 2007 | CA72: WD | CB72: Normal | CC72: 244000
A73: 72 | B73: 20 | C73: RL | D73: 69 | E73: 7599 | F73: Pave | H73: Reg | I73: Lvl | J73: AllPub | K73: Corner | L73: Gtl | M73: Mitchel | N73: Norm | O73: Norm | P73: 1Fam | Q73: 1Story | R73: 4 | S73: 6 | T73: 1982 | U73: 2006 | V73: Gable | W73: CompShg | X73: HdBoard | Y73: Plywood | Z73: None | AA73: 0 | AB73: TA | AC73: TA | AD73: CBlock | AE73: TA | AF73: TA | AG73: No | AH73: ALQ | AI73: 565 | AJ73: Unf | AK73: 0 | AL73: 280 | AM73: 845 | AN73: GasA | AO73: TA | AP73: Y | AQ73: SBrkr | AR73: 845 | AS73: 0 | AT73: 0 | AU73: 845 | AV73: 1 | AW73: 0 | AX73: 1 | AY73: 0 | AZ73: 2 | BA73: 1 | BB73: TA | BC73: 4 | BD73: Typ | BE73: 0 | BG73: Detchd | BH73: 1987 | BI73: Unf | BJ73: 2 | BK73: 360 | BL73: TA | BM73: TA | BN73: Y | BO73: 0 | BP73: 0 | BQ73: 0 | BR73: 0 | BS73: 0 | BT73: 0 | BX73: 0 | BY73: 6 | BZ73: 2007 | CA73: WD | CB73: Normal | CC73: 129500
A74: 73 | B74: 60 | C74: RL | D74: 74 | E74: 10141 | F74: Pave | H74: IR1 | I74: Lvl | J74: AllPub | K74: Corner | L74: Gtl | M74: Gilbert | N74: Norm | O74: Norm | P74: 1Fam | Q74: 2Story | R74: 7 | S74: 5 | T74: 1998 | U74: 1998 | V74: Gable | W74: CompShg | X74: VinylSd | Y74: VinylSd | Z74: BrkFace | AA74: 40 | AB74: TA | AC74: TA | AD74: PConc | AE74: Gd | AF74: TA | AG74: No | AH74: Unf | AI74: 0 | AJ74: Unf | AK74: 0 | AL74: 832 | AM74: 832 | AN74: GasA | AO74: Gd | AP74: Y | AQ74: SBrkr | AR74: 885 | AS74: 833 | AT74: 0 | AU74: 1718 | AV74: 0 | AW74: 0 | AX74: 2 | AY74: 1 | AZ74: 3 | BA74: 1 | BB74: TA | BC74: 7 | BD74: Typ | BE74: 1 | BF74: TA | BG74: Attchd | BH74: 1998 | BI74: Fin | BJ74: 2 | BK74: 427 | BL74: TA | BM74: TA | BN74: Y | BO74: 0 | BP74: 94 | BQ74: 0 | BR74: 0 | BS74: 291 | BT74: 0 | BX74: 0 | BY74: 12 | BZ74: 2009 | CA74: WD | CB74: Normal | CC74: 185000
A75: 74 | B75: 20 | C75: RL | D75: 85 | E75: 10200 | F75: Pave | H75: Reg | I75: Lvl | J75: AllPub | K75: Inside | L75: Gtl | M75: mes | N75: Norm | O75: Norm | P75: 1Fam | Q75: 1Story | R75: 5 | S75: 7 | T75: 1954 | U75: 2003 | V75: Gable | W75: CompShg | X75: Wd Sdng | Y75: Wd Sdng | Z75: BrkFace | AA75: 104 | AB75: TA | AC75: TA | AD75: CBlock | AE75: TA | AF75: TA | AG75: No | AH75: ALQ | AI75: 320 | AJ75: BLQ | AK75: 362 | AL75: 404 | AM75: 1086 | AN75: GasA | AO75: Gd | AP75: Y | AQ75: SBrkr | AR75: 1086 | AS75: 0 | AT75: 0 | AU75: 1086 | AV75: 1 | AW75: 0 | AX75: 1 | AY75: 0 | AZ75: 3 | BA75: 1 | BB75: TA | BC75: 6 | BD75: Typ | BE75: 0 | BG75: Attchd | BH75: 1989 | BI75: Unf | BJ75: 2 | BK75: 490 | BL75: TA | BM75: TA | BN75: Y | BO75: 0 | BP75: 0 | BQ75: 0 | BR75: 0 | BS75: 0 | BT75: 0 | BV75: GdWo | BX75: 0 | BY75: 5 | BZ75: 2010 | CA75: WD | CB75: Normal | CC75: 144900
A76: 75 | B76: 50 | C76: RM | D76: 60 | E76: 5790 | F76: Pave | H76: Reg | I76: Lvl | J76: AllPub | K76: Corner | L76: Gtl | M76: OldTown | N76: Norm | O76: Norm | P76: 1Fam | Q76: 2Story | R76: 3 | S76: 6 | T76: 1915 | U76: 1950 | V76: Gambrel | W76: CompShg | X76: VinylSd | Y76: VinylSd | Z76: None | AA76: 0 | AB76: Gd | AC76: Gd | AD76: CBlock | AE76: Fa | AF76: TA | AG76: No | AH76: Unf | AI76: 0 | AJ76: Unf | AK76: 0 | AL76: 840 | AM76: 840 | AN76: GasA | AO76: Gd | AP76: N | AQ76: SBrkr | AR76: 840 | AS76: 765 | AT76: 0 | AU76: 1605 | AV76: 0 | AW76: 0 | AX76: 2 | AY76: 0 | AZ76: 3 | BA76: 2 | BB76: TA | BC76: 8 | BD76: Typ | BE76: 0 | BG76: Detchd | BH76: 1915 | BI76: Unf | BJ76: 1 | BK76: 379 | BL76: TA | BM76: TA | BN76: Y | BO76: 0 | BP76: 0 | BQ76: 202 | BR76: 0 | BS76: 0 | BT76: 0 | BX76: 0 | BY76: 5 | BZ76: 2010 | CA76: WD | CB76: Normal | CC76: 107400
A77: 76 | B77: 180 | C77: RM | D77: 21 | E77: 1596 | F77: Pave | H77: Reg | I77: Lvl | J77: AllPub | K77: Inside | L77: Gtl | M77: MeadowV | N77: Norm | O77: Norm | P77: Twnhs | Q77: SLvl | R77: 4 | S77: 5 | T77: 1973 | U77: 1973 | V77: Gable | W77: CompShg | X77: CemntBd | Y77: CmentBd | Z77: None | AA77: 0 | AB77: TA | AC77: TA | AD77: CBlock | AE77: Gd | AF77: TA | AG77: Gd | AH77: GLQ | AI77: 462 | AJ77: Unf | AK77: 0 | AL77: 0 | AM77: 462 | AN77: GasA | AO77: TA | AP77: Y | AQ77: SBrkr | AR77: 526 | AS77: 462 | AT77: 0 | AU77: 988 | AV77: 1 | AW77: 0 | AX77: 1 | AY77: 0 | AZ77: 2 | BA77: 1 | BB77: TA | BC77: 5 | BD77: Typ | BE77: 0 | BG77: BuiltIn | BH77: 1973 | BI77: Unf | BJ77: 1 | BK77: 297 | BL77: TA | BM77: TA | BN77: Y | BO77: 120 | BP77: 101 | BQ77: 0 | BR77: 0 | BS77: 0 | BT77: 0 | BV77: GdWo | BX77: 0 | BY77: 11 | BZ77: 2009 | CA77: WD | CB77: Normal | CC77: 91000
A78: 77 | B78: 20 | C78: RL | E78: 8475 | F78: Pave | H78: IR1 | I78: Lvl | J78: AllPub | K78: Inside | L78: Gtl | M78: mes | N78: Norm | O78: Norm | P78: 1Fam | Q78: 1Story | R78: 4 | S78: 7 | T78: 1956 | U78: 1956 | V78: Gable | W78: CompShg | X78: VinylSd | Y78: VinylSd | Z78: None | AA78: 0 | AB78: TA | AC78: TA | AD78: CBlock | AE78: TA | AF78: TA | AG78: No | AH78: ALQ | AI78: 228 | AJ78: Unf | AK78: 0 | AL78: 724 | AM78: 952 | AN78: GasA | AO78: Ex | AP78: Y | AQ78: FuseA | AR78: 952 | AS78: 0 | AT78: 0 | AU78: 952 | AV78: 0 | AW78: 0 | AX78: 1 | AY78: 0 | AZ78: 2 | BA78: 1 | BB78: TA | BC78: 4 | BD78: Typ | BE78: 0 | BG78: Detchd | BH78: 1956 | BI78: Unf | BJ78: 1 | BK78: 283 | BL78: TA | BM78: TA | BN78: Y | BO78: 0 | BP78: 0 | BQ78: 0 | BR78: 0 | BS78: 0 | BT78: 0 | BX78: 0 | BY78: 4 | BZ78: 2008 | CA78: WD | CB78: Normal | CC78: 135750
A79: 78 | B79: 50 | C79: RM | D79: 50 | E79: 8635 | F79: Pave | H79: Reg | I79: Lvl | J79: AllPub | K79: Inside | L79: Gtl | M79: BrkSide | N79: Norm | O79: Norm | P79: 1Fam | Q79: 1.5Fin | R79: 5 | S79: 5 | T79: 1948 | U79: 2001 | V79: Gable | W79: CompShg | X79: Wd Sdng | Y79: Wd Sdng | Z79: None | AA79: 0 | AB79: TA | AC79: TA | AD79: CBlock | AE79: TA | AF79: TA | AG79: No | AH79: BLQ | AI79: 336 | AJ79: GLQ | AK79: 41 | AL79: 295 | AM79: 672 | AN79: GasA | AO79: TA | AP79: Y | AQ79: SBrkr | AR79: 1072 | AS79: 213 | AT79: 0 | AU79: 1285 | AV79: 1 | AW79: 0 | AX79: 1 | AY79: 0 | AZ79: 2 | BA79: 1 | BB79: TA | BC79: 6 | BD79: Min1 | BE79: 0 | BG79: Detchd | BH79: 1948 | BI79: Unf | BJ79: 1 | BK79: 240 | BL79: TA | BM79: TA | BN79: Y | BO79: 0 | BP79: 0 | BQ79: 0 | BR79: 0 | BS79: 0 | BT79: 0 | BV79: MnPrv | BX79: 0 | BY79: 1 | BZ79: 2008 | CA79: WD | CB79: Normal | CC79: 127000
A80: 79 | B80: 90 | C80: RL | D80: 72 | E80: 10778 | F80: Pave | H80: Reg | I80: Lvl | J80: AllPub | K80: Inside | L80: Gtl | M80: Sawyer | N80: Norm | O80: Norm | P80: Duplex | Q80: 1Story | R80: 4 | S80: 5 | T80: 1968 | U80: 1968 | V80: Hip | W80: CompShg | X80: HdBoard | Y80: HdBoard | Z80: None | AA80: 0 | AB80: TA | AC80: TA | AD80: CBlock | AE80: TA | AF80: TA | AG80: No | AH80: Unf | AI80: 0 | AJ80: Unf | AK80: 0 | AL80: 1768 | AM80: 1768 | AN80: GasA | AO80: TA | AP80: N | AQ80: SBrkr | AR80: 1768 | AS80: 0 | AT80: 0 | AU80: 1768 | AV80: 0 | AW80: 0 | AX80: 2 | AY80: 0 | AZ80: 4 | BA80: 2 | BB80: TA | BC80: 8 | BD80: Typ | BE80: 0 | BJ80: 0 | BK80: 0 | BN80: Y | BO80: 0 | BP80: 0 | BQ80: 0 | BR80: 0 | BS80: 0 | BT80: 0 | BX80: 0 | BY80: 4 | BZ80: 2010 | CA80: WD | CB80: Normal | CC80: 136500
A81: 80 | B81: 50 | C81: RM | D81: 60 | E81: 10440 | F81: Pave | G81: Grvl | H81: Reg | I81: Lvl | J81: AllPub | K81: Corner | L81: Gtl | M81: OldTown | N81: Norm | O81: Norm | P81: 1Fam | Q81: 2Story | R81: 5 | S81: 6 | T81: 1910 | U81: 1981 | V81: Gable | W81: CompShg | X81: Wd Sdng | Y81: Wd Sdng | Z81: None | AA81: 0 | AB81: TA | AC81: TA | AD81: PConc | AE81: TA | AF81: TA | AG81: No | AH81: Unf | AI81: 0 | AJ81: Unf | AK81: 0 | AL81: 440 | AM81: 440 | AN81: GasA | AO81: Gd | AP81: Y | AQ81: SBrkr | AR81: 682 | AS81: 548 | AT81: 0 | AU81: 1230 | AV81: 0 | AW81: 0 | AX81: 1 | AY81: 1 | AZ81: 2 | BA81: 1 | BB81: TA | BC81: 5 | BD81: Typ | BE81: 0 | BG81: Detchd | BH81: 1966 | BI81: Unf | BJ81: 2 | BK81: 440 | BL81: TA | BM81: TA | BN81: Y | BO81: 74 | BP81: 0 | BQ81: 128 | BR81: 0 | BS81: 0 | BT81: 0 | BV81: MnPrv | BX81: 0 | BY81: 5 | BZ81: 2009 | CA81: WD | CB81: Normal | CC81: 110000
A82: 81 | B82: 60 | C82: RL | D82: 100 | E82: 13000 | F82: Pave | H82: Reg | I82: Lvl | J82: AllPub | K82: Corner | L82: Gtl | M82: mes | N82: Norm | O82: Norm | P82: 1Fam | Q82: 2Story | R82: 6 | S82: 6 | T82: 1968 | U82: 1968 | V82: Gable | W82: CompShg | X82: VinylSd | Y82: VinylSd | Z82: BrkFace | AA82: 576 | AB82: TA | AC82: Gd | AD82: CBlock | AE82: Gd | AF82: TA | AG82: No | AH82: Rec | AI82: 448 | AJ82: Unf | AK82: 0 | AL82: 448 | AM82: 896 | AN82: GasA | AO82: TA | AP82: Y | AQ82: SBrkr | AR82: 1182 | AS82: 960 | AT82: 0 | AU82: 2142 | AV82: 0 | AW82: 0 | AX82: 2 | AY82: 1 | AZ82: 4 | BA82: 1 | BB82: Gd | BC82: 8 | BD82: Typ | BE82: 1 | BF82: Gd | BG82: Attchd | BH82: 1968 | BI82: Fin | BJ82: 1 | BK82: 509 | BL82: TA | BM82: TA | BN82: Y | BO82: 0 | BP82: 72 | BQ82: 0 | BR82: 0 | BS82: 252 | BT82: 0 | BX82: 0 | BY82: 6 | BZ82: 2009 | CA82: WD | CB82: Normal | CC82: 193500
A83: 82 | B83: 120 | C83: RM | D83: 32 | E83: 4500 | F83: Pave | H83: Reg | I83: Lvl | J83: AllPub | K83: FR2 | L83: Gtl | M83: Mitchel | N83: Norm | O83: Norm | P83: TwnhsE | Q83: 1Story | R83: 6 | S83: 5 | T83: 1998 | U83: 1998 | V83: Hip | W83: CompShg | X83: VinylSd | Y83: VinylSd | Z83: BrkFace | AA83: 443 | AB83: TA | AC83: Gd | AD83: PConc | AE83: Ex | AF83: Gd | AG83: No | AH83: GLQ | AI83: 1201 | AJ83: Unf | AK83: 0 | AL83: 36 | AM83: 1237 | AN83: GasA | AO83: Ex | AP83: Y | AQ83: SBrkr | AR83: 1337 | AS83: 0 | AT83: 0 | AU83: 1337 | AV83: 1 | AW83: 0 | AX83: 2 | AY83: 0 | AZ83: 2 | BA83: 1 | BB83: TA | BC83: 5 | BD83: Typ | BE83: 0 | BG83: Attchd | BH83: 1998 | BI83: Fin | BJ83: 2 | BK83: 405 | BL83: TA | BM83: TA | BN83: Y | BO83: 0 | BP83: 199 | BQ83: 0 | BR83: 0 | BS83: 0 | BT83: 0 | BX83: 0 | BY83: 3 | BZ83: 2006 | CA83: WD | CB83: Normal | CC83: 153500
A84: 83 | B84: 20 | C84: RL | D84: 78 | E84: 10206 | F84: Pave | H84: Reg | I84: Lvl | J84: AllPub | K84: Inside | L84: Gtl | M84: Somerst | N84: Norm | O84: Norm | P84: 1Fam | Q84: 1Story | R84: 8 | S84: 5 | T84: 2007 | U84: 2007 | V84: Gable | W84: CompShg | X84: VinylSd | Y84: VinylSd | Z84: Stone | AA84: 468 | AB84: TA | AC84: TA | AD84: PConc | AE84: Gd | AF84: TA | AG84: No | AH84: GLQ | AI84: 33 | AJ84: Unf | AK84: 0 | AL84: 1530 | AM84: 1563 | AN84: GasA | AO84: Ex | AP84: Y | AQ84: SBrkr | AR84: 1563 | AS84: 0 | AT84: 0 | AU84: 1563 | AV84: 0 | AW84: 0 | AX84: 2 | AY84: 0 | AZ84: 3 | BA84: 1 | BB84: Gd | BC84: 6 | BD84: Typ | BE84: 1 | BF84: Gd | BG84: Attchd | BH84: 2007 | BI84: RFn | BJ84: 3 | BK84: 758 | BL84: TA | BM84: TA | BN84: Y | BO84: 144 | BP84: 99 | BQ84: 0 | BR84: 0 | BS84: 0 | BT84: 0 | BX84: 0 | BY84: 10 | BZ84: 2008 | CA84: WD | CB84: Normal | CC84: 245000
A85: 84 | B85: 20 | C85: RL | D85: 80 | E85: 8892 | F85: Pave | H85: IR1 | I85: Lvl | J85: AllPub | K85: Inside | L85: Gtl | M85: mes | N85: Norm | O85: Norm | P85: 1Fam | Q85: 1Story | R85: 5 | S85: 5 | T85: 1960 | U85: 1960 | V85: Gable | W85: CompShg | X85: MetalSd | Y85: MetalSd | Z85: BrkCmn | AA85: 66 | AB85: TA | AC85: TA | AD85: CBlock | AE85: TA | AF85: TA | AG85: No | AH85: Unf | AI85: 0 | AJ85: Unf | AK85: 0 | AL85: 1065 | AM85: 1065 | AN85: GasA | AO85: Gd | AP85: Y | AQ85: SBrkr | AR85: 1065 | AS85: 0 | AT85: 0 | AU85: 1065 | AV85: 0 | AW85: 0 | AX85: 1 | AY85: 1 | AZ85: 3 | BA85: 1 | BB85: TA | BC85: 6 | BD85: Typ | BE85: 0 | BG85: Detchd | BH85: 1974 | BI85: Unf | BJ85: 2 | BK85: 461 | BL85: TA | BM85: TA | BN85: Y | BO85: 74 | BP85: 0 | BQ85: 0 | BR85: 0 | BS85: 0 | BT85: 0 | BX85: 0 | BY85: 7 | BZ85: 2007 | CA85: COD | CB85: Normal | CC85: 126500
A86: 85 | B86: 80 | C86: RL | E86: 8530 | F86: Pave | H86: IR1 | I86: Lvl | J86: AllPub | K86: Inside | L86: Gtl | M86: Gilbert | N86: Norm | O86: Norm | P86: 1Fam | Q86: SLvl | R86: 7 | S86: 5 | T86: 1995 | U86: 1996 | V86: Gable | W86: CompShg | X86: HdBoard | Y86: HdBoard | Z86: BrkFace | AA86: 22 | AB86: TA | AC86: TA | AD86: PConc | AE86: Gd | AF86: TA | AG86: No | AH86: Unf | AI86: 0 | AJ86: Unf | AK86: 0 | AL86: 384 | AM86: 384 | AN86: GasA | AO86: Gd | AP86: Y | AQ86: SBrkr | AR86: 804 | AS86: 670 | AT86: 0 | AU86: 1474 | AV86: 0 | AW86: 0 | AX86: 2 | AY86: 1 | AZ86: 3 | BA86: 1 | BB86: TA | BC86: 7 | BD86: Typ | BE86: 1 | BF86: TA | BG86: BuiltIn | BH86: 1995 | BI86: Fin | BJ86: 2 | BK86: 400 | BL86: TA | BM86: TA | BN86: Y | BO86: 120 | BP86: 72 | BQ86: 0 | BR86: 0 | BS86: 0 | BT86: 0 | BW86: Shed | BX86: 700 | BY86: 5 | BZ86: 2009 | CA86: WD | CB86: Normal | CC86: 168500
A87: 86 | B87: 60 | C87: RL | D87: 121 | E87: 16059 | F87: Pave | H87: Reg | I87: Lvl | J87: AllPub | K87: Corner | L87: Gtl | M87: NoRidge | N87: Norm | O87: Norm | P87: 1Fam | Q87: 2Story | R87: 8 | S87: 5 | T87: 1991 | U87: 1992 | V87: Hip | W87: CompShg | X87: HdBoard | Y87: HdBoard | Z87: BrkFace | AA87: 284 | AB87: Gd | AC87: TA | AD87: CBlock | AE87: Gd | AF87: TA | AG87: No | AH87: Unf | AI87: 0 | AJ87: Unf | AK87: 0 | AL87: 1288 | AM87: 1288 | AN87: GasA | AO87: Ex | AP87: Y | AQ87: SBrkr | AR87: 1301 | AS87: 1116 | AT87: 0 | AU87: 2417 | AV87: 0 | AW87: 0 | AX87: 2 | AY87: 1 | AZ87: 4 | BA87: 1 | BB87: Gd | BC87: 9 | BD87: Typ | BE87: 1 | BF87: TA | BG87: Attchd | BH87: 1991 | BI87: Unf | BJ87: 2 | BK87: 462 | BL87: TA | BM87: TA | BN87: Y | BO87: 127 | BP87: 82 | BQ87: 0 | BR87: 0 | BS87: 0 | BT87: 0 | BX87: 0 | BY87: 4 | BZ87: 2006 | CA87: WD | CB87: Normal | CC87: 260000
A88: 87 | B88: 60 | C88: RL | D88: 122 | E88: 11911 | F88: Pave | H88: IR2 | I88: Lvl | J88: AllPub | K88: Inside | L88: Gtl | M88: Gilbert | N88: Norm | O88: Norm | P88: 1Fam | Q88: 2Story | R88: 6 | S88: 5 | T88: 2005 | U88: 2005 | V88: Gable | W88: CompShg | X88: VinylSd | Y88: VinylSd | Z88: None | AA88: 0 | AB88: Gd | AC88: TA | AD88: PConc | AE88: Gd | AF88: TA | AG88: Av | AH88: Unf | AI88: 0 | AJ88: Unf | AK88: 0 | AL88: 684 | AM88: 684 | AN88: GasA | AO88: Ex | AP88: Y | AQ88: SBrkr | AR88: 684 | AS88: 876 | AT88: 0 | AU88: 1560 | AV88: 0 | AW88: 0 | AX88: 2 | AY88: 1 | AZ88: 3 | BA88: 1 | BB88: Gd | BC88: 6 | BD88: Typ | BE88: 1 | BF88: Gd | BG88: BuiltIn | BH88: 2005 | BI88: Fin | BJ88: 2 | BK88: 400 | BL88: TA | BM88: TA | BN88: Y | BO88: 100 | BP88: 38 | BQ88: 0 | BR88: 0 | BS88: 0 | BT88: 0 | BX88: 0 | BY88: 3 | BZ88: 2009 | CA88: WD | CB88: Normal | CC88: 174000
A89: 88 | B89: 160 | C89: FV | D89: 40 | E89: 3951 | F89: Pave | G89: Pave | H89: Reg | I89: Lvl | J89: AllPub | K89: Corner | L89: Gtl | M89: Somerst | N89: Norm | O89: Norm | P89: TwnhsE | Q89: 2Story | R89: 6 | S89: 5 | T89: 2009 | U89: 2009 | V89: Gable | W89: CompShg | X89: VinylSd | Y89: VinylSd | Z89: Stone | AA89: 76 | AB89: Gd | AC89: TA | AD89: PConc | AE89: Gd | AF89: TA | AG89: Av | AH89: Unf | AI89: 0 | AJ89: Unf | AK89: 0 | AL89: 612 | AM89: 612 | AN89: GasA | AO89: Ex | AP89: Y | AQ89: SBrkr | AR89: 612 | AS89: 612 | AT89: 0 | AU89: 1224 | AV89: 0 | AW89: 0 | AX89: 2 | AY89: 1 | AZ89: 2 | BA89: 1 | BB89: Gd | BC89: 4 | BD89: Typ | BE89: 0 | BG89: Detchd | BH89: 2009 | BI89: RFn | BJ89: 2 | BK89: 528 | BL89: TA | BM89: TA | BN89: Y | BO89: 0 | BP89: 234 | BQ89: 0 | BR89: 0 | BS89: 0 | BT89: 0 | BX89: 0 | BY89: 6 | BZ89: 2009 | CA89: New | CB89: Partial | CC89: 164500
A90: 89 | B90: 50 | C90: C (all) | D90: 105 | E90: 8470 | F90: Pave | H90: IR1 | I90: Lvl | J90: AllPub | K90: Corner | L90: Gtl | M90: IDOTRR | N90: Feedr | O90: Feedr | P90: 1Fam | Q90: 1.5Fin | R90: 3 | S90: 2 | T90: 1915 | U90: 1982 | V90: Hip | W90: CompShg | X90: Plywood | Y90: Plywood | Z90: None | AA90: 0 | AB90: Fa | AC90: Fa | AD90: CBlock | AE90: TA | AF90: Fa | AG90: No | AH90: Unf | AI90: 0 | AJ90: Unf | AK90: 0 | AL90: 1013 | AM90: 1013 | AN90: GasA | AO90: TA | AP90: N | AQ90: SBrkr | AR90: 1013 | AS90: 0 | AT90: 513 | AU90: 1526 | AV90: 0 | AW90: 0 | AX90: 1 | AY90: 0 | AZ90: 2 | BA90: 1 | BB90: Fa | BC90: 6 | BD90: Typ | BE90: 0 | BJ90: 0 | BK90: 0 | BN90: N | BO90: 0 | BP90: 0 | BQ90: 156 | BR90: 0 | BS90: 0 | BT90: 0 | BV90: MnPrv | BX90: 0 | BY90: 10 | BZ90: 2009 | CA90: ConLD | CB90: Abnorml | CC90: 85000
A91: 90 | B91: 20 | C91: RL | D91: 60 | E91: 8070 | F91: Pave | H91: Reg | I91: Lvl | J91: AllPub | K91: Inside | L91: Gtl | M91: CollgCr | N91: Norm | O91: Norm | P91: 1Fam | Q91: 1Story | R91: 4 | S91: 5 | T91: 1994 | U91: 1995 | V91: Gable | W91: CompShg | X91: VinylSd | Y91: VinylSd | Z91: None | AA91: 0 | AB91: TA | AC91: TA | AD91: PConc | AE91: Gd | AF91: TA | AG91: No | AH91: GLQ | AI91: 588 | AJ91: Unf | AK91: 0 | AL91: 402 | AM91: 990 | AN91: GasA | AO91: Ex | AP91: Y | AQ91: SBrkr | AR91: 990 | AS91: 0 | AT91: 0 | AU91: 990 | AV91: 1 | AW91: 0 | AX91: 1 | AY91: 0 | AZ91: 3 | BA91: 1 | BB91: TA | BC91: 5 | BD91: Typ | BE91: 0 | BJ91: 0 | BK91: 0 | BN91: Y | BO91: 0 | BP91: 0 | BQ91: 0 | BR91: 0 | BS91: 0 | BT91: 0 | BX91: 0 | BY91: 8 | BZ91: 2007 | CA91: WD | CB91: Normal | CC91: 123600
A92: 91 | B92: 20 | C92: RL | D92: 60 | E92: 7200 | F92: Pave | H92: Reg | I92: Lvl | J92: AllPub | K92: Inside | L92: Gtl | M92: mes | N92: Norm | O92: Norm | P92: 1Fam | Q92: 1Story | R92: 4 | S92: 5 | T92: 1950 | U92: 1950 | V92: Gable | W92: CompShg | X92: BrkFace | Y92: Wd Sdng | Z92: None | AA92: 0 | AB92: TA | AC92: TA | AD92: Slab | AI92: 0 | AK92: 0 | AL92: 0 | AM92: 0 | AN92: GasA | AO92: TA | AP92: Y | AQ92: FuseA | AR92: 1040 | AS92: 0 | AT92: 0 | AU92: 1040 | AV92: 0 | AW92: 0 | AX92: 1 | AY92: 0 | AZ92: 2 | BA92: 1 | BB92: TA | BC92: 4 | BD92: Typ | BE92: 0 | BG92: Detchd | BH92: 1950 | BI92: Unf | BJ92: 2 | BK92: 420 | BL92: TA | BM92: TA | BN92: Y | BO92: 0 | BP92: 29 | BQ92: 0 | BR92: 0 | BS92: 0 | BT92: 0 | BX92: 0 | BY92: 7 | BZ92: 2006 | CA92: WD | CB92: Normal | CC92: 109900
A93: 92 | B93: 20 | C93: RL | D93: 85 | E93: 8500 | F93: Pave | H93: Reg | I93: Lvl | J93: AllPub | K93: Inside | L93: Gtl | M93: mes | N93: Norm | O93: Norm | P93: 1Fam | Q93: 1Story | R93: 5 | S93: 3 | T93: 1961 | U93: 1961 | V93: Hip | W93: CompShg | X93: HdBoard | Y93: HdBoard | Z93: BrkCmn | AA93: 203 | AB93: TA | AC93: TA | AD93: CBlock | AE93: TA | AF93: TA | AG93: No | AH93: Rec | AI93: 600 | AJ93: Unf | AK93: 0 | AL93: 635 | AM93: 1235 | AN93: GasA | AO93: TA | AP93: Y | AQ93: SBrkr | AR93: 1235 | AS93: 0 | AT93: 0 | AU93: 1235 | AV93: 0 | AW93: 0 | AX93: 1 | AY93: 0 | AZ93: 2 | BA93: 1 | BB93: TA | BC93: 6 | BD93: Typ | BE93: 0 | BG93: Attchd | BH93: 1961 | BI93: Unf | BJ93: 2 | BK93: 480 | BL93: TA | BM93: TA | BN93: Y | BO93: 0 | BP93: 0 | BQ93: 0 | BR93: 0 | BS93: 0 | BT93: 0 | BV93: GdWo | BX93: 0 | BY93: 12 | BZ93: 2006 | CA93: WD | CB93: Abnorml | CC93: 98600
A94: 93 | B94: 30 | C94: RL | D94: 80 | E94: 13360 | F94: Pave | G94: Grvl | H94: IR1 | I94: HLS | J94: AllPub | K94: Inside | L94: Gtl | M94: Crawfor | N94: Norm | O94: Norm | P94: 1Fam | Q94: 1Story | R94: 5 | S94: 7 | T94: 1921 | U94: 2006 | V94: Gable | W94: CompShg | X94: Wd Sdng | Y94: Wd Sdng | Z94: None | AA94: 0 | AB94: TA | AC94: Gd | AD94: BrkTil | AE94: Gd | AF94: TA | AG94: No | AH94: ALQ | AI94: 713 | AJ94: Unf | AK94: 0 | AL94: 163 | AM94: 876 | AN94: GasA | AO94: Ex | AP94: Y | AQ94: SBrkr | AR94: 964 | AS94: 0 | AT94: 0 | AU94: 964 | AV94: 1 | AW94: 0 | AX94: 1 | AY94: 0 | AZ94: 2 | BA94: 1 | BB94: TA | BC94: 5 | BD94: Typ | BE94: 0 | BG94: Detchd | BH94: 1921 | BI94: Unf | BJ94: 2 | BK94: 432 | BL94: TA | BM94: TA | BN94: Y | BO94: 0 | BP94: 0 | BQ94: 44 | BR94: 0 | BS94: 0 | BT94: 0 | BX94: 0 | BY94: 8 | BZ94: 2009 | CA94: WD | CB94: Normal | CC94: 163500
A95: 94 | B95: 190 | C95: C (all) | D95: 60 | E95: 7200 | F95: Pave | H95: Reg | I95: Lvl | J95: AllPub | K95: Corner | L95: Gtl | M95: OldTown | N95: Norm | O95: Norm | P95: 2fmCon | Q95: 2.5Unf | R95: 6 | S95: 6 | T95: 1910 | U95: 1998 | V95: Hip | W95: CompShg | X95: MetalSd | Y95: MetalSd | Z95: None | AA95: 0 | AB95: TA | AC95: TA | AD95: BrkTil | AE95: TA | AF95: Fa | AG95: Mn | AH95: Rec | AI95: 1046 | AJ95: Unf | AK95: 0 | AL95: 168 | AM95: 1214 | AN95: GasW | AO95: Ex | AP95: N | AQ95: SBrkr | AR95: 1260 | AS95: 1031 | AT95: 0 | AU95: 2291 | AV95: 0 | AW95: 1 | AX95: 2 | AY95: 0 | AZ95: 4 | BA95: 2 | BB95: TA | BC95: 9 | BD95: Typ | BE95: 1 | BF95: Gd | BG95: Detchd | BH95: 1900 | BI95: Unf | BJ95: 2 | BK95: 506 | BL95: TA | BM95: TA | BN95: Y | BO95: 0 | BP95: 0 | BQ95: 0 | BR95: 0 | BS95: 99 | BT95: 0 | BX95: 0 | BY95: 11 | BZ95: 2007 | CA95: WD | CB95: Normal | CC95: 133900
A96: 95 | B96: 60 | C96: RL | D96: 69 | E96: 9337 | F96: Pave | H96: IR1 | I96: Lvl | J96: AllPub | K96: Inside | L96: Gtl | M96: CollgCr | N96: Norm | O96: Norm | P96: 1Fam | Q96: 2Story | R96: 6 | S96: 5 | T96: 1997 | U96: 1997 | V96: Gable | W96: CompShg | X96: VinylSd | Y96: VinylSd | Z96: None | AA96: 0 | AB96: TA | AC96: Gd | AD96: PConc | AE96: Gd | AF96: TA | AG96: No | AH96: GLQ | AI96: 648 | AJ96: Unf | AK96: 0 | AL96: 176 | AM96: 824 | AN96: GasA | AO96: Ex | AP96: Y | AQ96: SBrkr | AR96: 905 | AS96: 881 | AT96: 0 | AU96: 1786 | AV96: 1 | AW96: 0 | AX96: 2 | AY96: 1 | AZ96: 3 | BA96: 1 | BB96: Gd | BC96: 7 | BD96: Typ | BE96: 0 | BG96: Attchd | BH96: 1997 | BI96: RFn | BJ96: 2 | BK96: 684 | BL96: TA | BM96: TA | BN96: Y | BO96: 0 | BP96: 162 | BQ96: 0 | BR96: 0 | BS96: 0 | BT96: 0 | BX96: 0 | BY96: 5 | BZ96: 2007 | CA96: WD | CB96: Normal | CC96: 204750
A97: 96 | B97: 60 | C97: RL | E97: 9765 | F97: Pave | H97: IR2 | I97: Lvl | J97: AllPub | K97: Corner | L97: Gtl | M97: Gilbert | N97: Norm | O97: Norm | P97: 1Fam | Q97: 2Story | R97: 6 | S97: 8 | T97: 1993 | U97: 1993 | V97: Gable | W97: CompShg | X97: VinylSd | Y97: VinylSd | Z97: BrkFace | AA97: 68 | AB97: Ex | AC97: Gd | AD97: PConc | AE97: Gd | AF97: Gd | AG97: No | AH97: ALQ | AI97: 310 | AJ97: Unf | AK97: 0 | AL97: 370 | AM97: 680 | AN97: GasA | AO97: Gd | AP97: Y | AQ97: SBrkr | AR97: 680 | AS97: 790 | AT97: 0 | AU97: 1470 | AV97: 0 | AW97: 0 | AX97: 2 | AY97: 1 | AZ97: 3 | BA97: 1 | BB97: TA | BC97: 6 | BD97: Typ | BE97: 1 | BF97: TA | BG97: BuiltIn | BH97: 1993 | BI97: Fin | BJ97: 2 | BK97: 420 | BL97: TA | BM97: TA | BN97: Y | BO97: 232 | BP97: 63 | BQ97: 0 | BR97: 0 | BS97: 0 | BT97: 0 | BW97: Shed | BX97: 480 | BY97: 4 | BZ97: 2009 | CA97: WD | CB97: Normal | CC97: 185000
A98: 97 | B98: 20 | C98: RL | D98: 78 | E98: 10264 | F98: Pave | H98: IR1 | I98: Lvl | J98: AllPub | K98: Inside | L98: Gtl | M98: CollgCr | N98: Norm | O98: Norm | P98: 1Fam | Q98: 1Story | R98: 7 | S98: 5 | T98: 1999 | U98: 1999 | V98: Gable | W98: CompShg | X98: VinylSd | Y98: VinylSd | Z98: BrkFace | AA98: 183 | AB98: Gd | AC98: TA | AD98: PConc | AE98: Gd | AF98: TA | AG98: Av | AH98: ALQ | AI98: 1162 | AJ98: Unf | AK98: 0 | AL98: 426 | AM98: 1588 | AN98: GasA | AO98: Ex | AP98: Y | AQ98: SBrkr | AR98: 1588 | AS98: 0 | AT98: 0 | AU98: 1588 | AV98: 0 | AW98: 0 | AX98: 2 | AY98: 0 | AZ98: 3 | BA98: 1 | BB98: Gd | BC98: 6 | BD98: Typ | BE98: 0 | BG98: Attchd | BH98: 1999 | BI98: RFn | BJ98: 2 | BK98: 472 | BL98: TA | BM98: TA | BN98: Y | BO98: 158 | BP98: 29 | BQ98: 0 | BR98: 0 | BS98: 0 | BT98: 0 | BX98: 0 | BY98: 8 | BZ98: 2006 | CA98: WD | CB98: Normal | CC98: 214000
A99: 98 | B99: 20 | C99: RL | D99: 73 | E99: 10921 | F99: Pave | H99: Reg | I99: HLS | J99: AllPub | K99: Inside | L99: Gtl | M99: Edwards | N99: Norm | O99: Norm | P99: 1Fam | Q99: 1Story | R99: 4 | S99: 5 | T99: 1965 | U99: 1965 | V99: Hip | W99: CompShg | X99: HdBoard | Y99: HdBoard | Z99: BrkFace | AA99: 48 | AB99: TA | AC99: TA | AD99: CBlock | AE99: TA | AF99: TA | AG99: No | AH99: Rec | AI99: 520 | AJ99: Unf | AK99: 0 | AL99: 440 | AM99: 960 | AN99: GasA | AO99: TA | AP99: Y | AQ99: FuseF | AR99: 960 | AS99: 0 | AT99: 0 | AU99: 960 | AV99: 1 | AW99: 0 | AX99: 1 | AY99: 0 | AZ99: 3 | BA99: 1 | BB99: TA | BC99: 6 | BD99: Typ | BE99: 0 | BG99: Attchd | BH99: 1965 | BI99: Fin | BJ99: 1 | BK99: 432 | BL99: TA | BM99: TA | BN99: P | BO99: 120 | BP99: 0 | BQ99: 0 | BR99: 0 | BS99: 0 | BT99: 0 | BX99: 0 | BY99: 5 | BZ99: 2007 | CA99: WD | CB99: Normal | CC99: 94750
A100: 99 | B100: 30 | C100: RL | D100: 85 | E100: 10625 | F100: Pave | H100: Reg | I100: Lvl | J100: AllPub | K100: Corner | L100: Gtl | M100: Edwards | N100: Norm | O100: Norm | P100: 1Fam | Q100: 1Story | R100: 5 | S100: 5 | T100: 1920 | U100: 1950 | V100: Gable | W100: CompShg | X100: Wd Sdng | Y100: Wd Sdng | Z100: None | AA100: 0 | AB100: TA | AC100: TA | AD100: BrkTil | AE100: TA | AF100: TA | AG100: No | AH100: ALQ | AI100: 108 | AJ100: Unf | AK100: 0 | AL100: 350 | AM100: 458 | AN100: GasA | AO100: Fa | AP100: N | AQ100: SBrkr | AR100: 835 | AS100: 0 | AT100: 0 | AU100: 835 | AV100: 0 | AW100: 0 | AX100: 1 | AY100: 0 | AZ100: 2 | BA100: 1 | BB100: TA | BC100: 5 | BD100: Typ | BE100: 0 | BG100: Basment | BH100: 1920 | BI100: Unf | BJ100: 1 | BK100: 366 | BL100: Fa | BM100: TA | BN100: Y | BO100: 0 | BP100: 0 | BQ100: 77 | BR100: 0 | BS100: 0 | BT100: 0 | BW100: Shed | BX100: 400 | BY100: 5 | BZ100: 2010 | CA100: COD | CB100: Abnorml | CC100: 83000
...

Sheet Analysis1
A1: Column1 | B1: Column2
A2: OverallQual | B2: =CORREL(Data!R2:R1461, Data!CC2:CC1461) -> 0.7909816
A3: GrLivArea | B3: =CORREL(Data!AU2:AU1461, Data!CC2:CC1461) -> 0.70862448
A4: TotalBsmtSF | B4: =CORREL(Data!AM2:AM1461, Data!CC2:CC1461) -> 0.61358055
A5: GarageCars | B5: =CORREL(Data!BJ2:BJ1461, Data!CC2:CC1461) -> 0.6404092
A6: GarageArea | B6: =CORREL(Data!BK2:BK1461, Data!CC2:CC1461) -> 0.62343144
A7: YearBuilt | B7: =CORREL(Data!T2:T1461, Data!CC2:CC1461) -> 0.52289733

Sheet Analysis2
B1: Count | C1: Average
A2: 1 | B2: =COUNTIF(Data!$R$2:$R$1461, A2) -> 2 | C2: =AVERAGEIF(Data!$R$2:$R$1461, A2, Data!$CC$2:$CC$1461) -> 50150
A3: 2 | B3: =COUNTIF(Data!$R$2:$R$1461, A3) -> 3 | C3: =AVERAGEIF(Data!$R$2:$R$1461, A3, Data!$CC$2:$CC$1461) -> 51770.333
A4: 3 | B4: =COUNTIF(Data!$R$2:$R$1461, A4) -> 20 | C4: =AVERAGEIF(Data!$R$2:$R$1461, A4, Data!$CC$2:$CC$1461) -> 87473.75
A5: 4 | B5: =COUNTIF(Data!$R$2:$R$1461, A5) -> 116 | C5: =AVERAGEIF(Data!$R$2:$R$1461, A5, Data!$CC$2:$CC$1461) -> 108420.66
A6: 5 | B6: =COUNTIF(Data!$R$2:$R$1461, A6) -> 397 | C6: =AVERAGEIF(Data!$R$2:$R$1461, A6, Data!$CC$2:$CC$1461) -> 133523.35
A7: 6 | B7: =COUNTIF(Data!$R$2:$R$1461, A7) -> 374 | C7: =AVERAGEIF(Data!$R$2:$R$1461, A7, Data!$CC$2:$CC$1461) -> 161603.03
A8: 7 | B8: =COUNTIF(Data!$R$2:$R$1461, A8) -> 319 | C8: =AVERAGEIF(Data!$R$2:$R$1461, A8, Data!$CC$2:$CC$1461) -> 207716.42
A9: 8 | B9: =COUNTIF(Data!$R$2:$R$1461, A9) -> 168 | C9: =AVERAGEIF(Data!$R$2:$R$1461, A9, Data!$CC$2:$CC$1461) -> 274735.54
A10: 9 | B10: =COUNTIF(Data!$R$2:$R$1461, A10) -> 43 | C10: =AVERAGEIF(Data!$R$2:$R$1461, A10, Data!$CC$2:$CC$1461) -> 367513.02
A11: 10 | B11: =COUNTIF(Data!$R$2:$R$1461, A11) -> 18 | C11: =AVERAGEIF(Data!$R$2:$R$1461, A11, Data!$CC$2:$CC$1461) -> 438588.39

Sheet Analysis3
A1: Neighborhood | B1: Average | C1: Count
A2: NoRidge | B2: =AVERAGEIF(Data!$M$2:$M$1461, A2, Data!$CC$2:$CC$1461) -> 335295.32 | C2: =COUNTIF(Data!$M$2:$M$1461, A2) -> 41
A3: NridgHt | B3: =AVERAGEIF(Data!$M$2:$M$1461, A3, Data!$CC$2:$CC$1461) -> 316270.62 | C3: =COUNTIF(Data!$M$2:$M$1461, A3) -> 77
A4: StoneBr | B4: =AVERAGEIF(Data!$M$2:$M$1461, A4, Data!$CC$2:$CC$1461) -> 310499 | C4: =COUNTIF(Data!$M$2:$M$1461, A4) -> 25
A5: Timber | B5: =AVERAGEIF(Data!$M$2:$M$1461, A5, Data!$CC$2:$CC$1461) -> 242247.45 | C5: =COUNTIF(Data!$M$2:$M$1461, A5) -> 38
A6: Veenker | B6: =AVERAGEIF(Data!$M$2:$M$1461, A6, Data!$CC$2:$CC$1461) -> 238772.73 | C6: =COUNTIF(Data!$M$2:$M$1461, A6) -> 11
A7: Somerst | B7: =AVERAGEIF(Data!$M$2:$M$1461, A7, Data!$CC$2:$CC$1461) -> 225379.84 | C7: =COUNTIF(Data!$M$2:$M$1461, A7) -> 86
A8: ClearCr | B8: =AVERAGEIF(Data!$M$2:$M$1461, A8, Data!$CC$2:$CC$1461) -> 212565.43 | C8: =COUNTIF(Data!$M$2:$M$1461, A8) -> 28
A9: Crawfor | B9: =AVERAGEIF(Data!$M$2:$M$1461, A9, Data!$CC$2:$CC$1461) -> 210624.73 | C9: =COUNTIF(Data!$M$2:$M$1461, A9) -> 51
A10: CollgCr | B10: =AVERAGEIF(Data!$M$2:$M$1461, A10, Data!$CC$2:$CC$1461) -> 197965.77 | C10: =COUNTIF(Data!$M$2:$M$1461, A10) -> 150
A11: Blmngtn | B11: =AVERAGEIF(Data!$M$2:$M$1461, A11, Data!$CC$2:$CC$1461) -> 194870.88 | C11: =COUNTIF(Data!$M$2:$M$1461, A11) -> 17
A12: Gilbert | B12: =AVERAGEIF(Data!$M$2:$M$1461, A12, Data!$CC$2:$CC$1461) -> 192854.51 | C12: =COUNTIF(Data!$M$2:$M$1461, A12) -> 79
A13: NWAmes | B13: =AVERAGEIF(Data!$M$2:$M$1461, A13, Data!$CC$2:$CC$1461) -> 189050.07 | C13: =COUNTIF(Data!$M$2:$M$1461, A13) -> 73
... A26: MeadowV | B26: =AVERAGEIF(Data!$M$2:$M$1461, A26, Data!$CC$2:$CC$1461) -> 98576.471 | C26: =COUNTIF(Data!$M$2:$M$1461, A26) -> 17

Sheet Analysis4
A1: =CORREL(Data!AU2:AU1461, Data!CC2:CC1461) -> 0.70862448 | B1: GrLivArea | C1: SalePrice
A2: =CORREL(Data!AR2:AR1461, Data!CC2:CC1461) -> 0.60585218 | B2: 1710 | C2: 208500
A3: =CORREL(Data!AS2:AS1461, Data!CC2:CC1461) -> 0.3193338 | B3: 1262 | C3: 181500
A4: =CORREL(Data!AM2:AM1461, Data!CC2:CC1461) -> 0.61358055 | B4: 1786 | C4: 223500
B5: 1717 | C5: 140000
B6: 2198 | C6: 250000
B7: 1362 | C7: 143000
B8: 1694 | C8: 307000
B9: 2090 | C9: 200000
B10: 1774 | C10: 129900
B11: 1077 | C11: 118000
B12: 1040 | C12: 129500
B13: 2324 | C13: 345000
B14: 912 | C14: 144000
B15: 1494 | C15: 279500
B16: 1253 | C16: 157000
... B1461: 1256 | C1461: 147500

Sheet Analysis5
A1: YearBuilt | B1: YearRemodAdd | C1: SalePrice
A2: 2003 | B2: 2003 | C2: 208500
A3: 1976 | B3: 1976 | C3: 181500 | E3: 1900 | F3: =AVERAGEIFS(Data!$CC$2:$CC$1461, Data!$T$2:$T$1461, ">="&E3) -> 180926
A4: 2001 | B4: 2002 | C4: 223500 | E4: 1950 | F4: =AVERAGEIFS(Data!$CC$2:$CC$1461, Data!$T$2:$T$1461, ">="&E4) -> 194468.81
A5: 1915 | B5: 1970 | C5: 140000 | E5: 1980 | F5: =AVERAGEIFS(Data!$CC$2:$CC$1461, Data!$T$2:$T$1461, ">="&E5) -> 233482.33
A6: 2000 | B6: 2000 | C6: 250000 | E6: 2000 | F6: =AVERAGEIFS(Data!$CC$2:$CC$1461, Data!$T$2:$T$1461, ">="&E6) -> 242439.16
A7: 1993 | B7: 1995 | C7: 143000
A8: 2004 | B8: 2005 | C8: 307000
A9: 1973 | B9: 1973 | C9: 200000
A10: 1931 | B10: 1950 | C10: 129900
A11: 1939 | B11: 1950 | C11: 118000
A12: 1965 | B12: 1965 | C12: 129500
A13: 2005 | B13: 2006 | C13: 345000
A14: 1962 | B14: 1962 | C14: 144000
A15: 2006 | B15: 2007 | C15: 279500
A16: 1960 | B16: 1960 | C16: 157000
A17: 1929 | B17: 2001 | C17: 132000
A18: 1970 | B18: 1970 | C18: 149000
... A1461: 1965 | B1461: 1965 | C1461: 147500

Sheet Analysis6
B1: Count | C1: Average | D1: Correl=
A2: 0 | B2: =COUNTIF(Data!$BJ$2:$BJ$1461, A2) -> 81 | C2: =AVERAGEIF(Data!$BJ$2:$BJ$1461, A2, Data!$CC$2:$CC$1461) -> 103317.28 | D2: =CORREL(Data!BK2:BK1461, Data!CC2:CC1461) -> 0.62343144
A3: 1 | B3: =COUNTIF(Data!$BJ$2:$BJ$1461, A3) -> 369 | C3: =AVERAGEIF(Data!$BJ$2:$BJ$1461, A3, Data!$CC$2:$CC$1461) -> 128116.69 | D3: =CORREL(Data!BK3:BK1462, Data!CC3:CC1462) -> 0.62339998
A4: 2 | B4: =COUNTIF(Data!$BJ$2:$BJ$1461, A4) -> 824 | C4: =AVERAGEIF(Data!$BJ$2:$BJ$1461, A4, Data!$CC$2:$CC$1461) -> 183851.66 | D4: =CORREL(Data!BK4:BK1463, Data!CC4:CC1463) -> 0.62340108
A5: 3 | B5: =COUNTIF(Data!$BJ$2:$BJ$1461, A5) -> 181 | C5: =AVERAGEIF(Data!$BJ$2:$BJ$1461, A5, Data!$CC$2:$CC$1461) -> 309636.12 | D5: =CORREL(Data!BK5:BK1464, Data!CC5:CC1464) -> 0.62331551
A6: 4 | B6: =COUNTIF(Data!$BJ$2:$BJ$1461, A6) -> 5 | C6: =AVERAGEIF(Data!$BJ$2:$BJ$1461, A6, Data!$CC$2:$CC$1461) -> 192655.8 | D6: =CORREL(Data!BK6:BK1465, Data!CC6:CC1465) -> 0.62378538

Sheet Analysis7
A1: Bedroom
B2: Count | C2: Average | D2: Correl
A3: 0 | B3: =COUNTIF(Data!$AZ$2:$AZ$1461, A2) -> 6 | C3: =AVERAGEIF(Data!$AZ$2:$AZ$1461, A3, Data!$CC$2:$CC$1461) -> 221493.17 | D3: =CORREL(Data!AZ2:AZ1461, Data!CC2:CC1461) -> 0.16821315
A4: 1 | B4: =COUNTIF(Data!$AZ$2:$AZ$1461, A3) -> 6 | C4: =AVERAGEIF(Data!$AZ$2:$AZ$1461, A4, Data!$CC$2:$CC$1461) -> 173162.42 | D4: =CORREL(Data!AZ3:AZ1462, Data!CC3:CC1462) -> 0.16818267
A5: 2 | B5: =COUNTIF(Data!$AZ$2:$AZ$1461, A4) -> 50 | C5: =AVERAGEIF(Data!$AZ$2:$AZ$1461, A5, Data!$CC$2:$CC$1461) -> 158197.66 | D5: =CORREL(Data!AZ4:AZ1463, Data!CC4:CC1463) -> 0.16818337
A6: 3 | B6: =COUNTIF(Data!$AZ$2:$AZ$1461, A5) -> 358 | C6: =AVERAGEIF(Data!$AZ$2:$AZ$1461, A6, Data!$CC$2:$CC$1461) -> 181056.87 | D6: =CORREL(Data!AZ5:AZ1464, Data!CC5:CC1464) -> 0.16814121
A7: 4 | B7: =COUNTIF(Data!$AZ$2:$AZ$1461, A6) -> 804 | C7: =AVERAGEIF(Data!$AZ$2:$AZ$1461, A7, Data!$CC$2:$CC$1461) -> 220421.25 | D7: =CORREL(Data!AZ6:AZ1465, Data!CC6:CC1465) -> 0.16821594
A8: 5 | B8: =COUNTIF(Data!$AZ$2:$AZ$1461, A7) -> 213 | C8: =AVERAGEIF(Data!$AZ$2:$AZ$1461, A8, Data!$CC$2:$CC$1461) -> 180819.05 | D8: =CORREL(Data!AZ7:AZ1466, Data!CC7:CC1466) -> 0.167541
A17: Bathroom
B18: Count | C18: Average | D18: Correl
A19: 0 | B19: =COUNTIF(Data!$AX$2:$AX$1461, A2) -> 9 | C19: =AVERAGEIF(Data!$AX$2:$AX$1461, A2, Data!$CC$2:$CC$1461) -> 165200.89 | D19: =CORREL(Data!AX2:AX1461, Data!CC2:CC1461) -> 0.56066376
A20: 1 | B20: =COUNTIF(Data!$AX$2:$AX$1461, A3) -> 9 | C20: =AVERAGEIF(Data!$AX$2:$AX$1461, A3, Data!$CC$2:$CC$1461) -> 165200.89 | D20: =CORREL(Data!AX3:AX1462, Data!CC3:CC1462) -> 0.56061879
A21: 2 | B21: =COUNTIF(Data!$AX$2:$AX$1461, A4) -> 650 | C21: =AVERAGEIF(Data!$AX$2:$AX$1461, A4, Data!$CC$2:$CC$1461) -> 134751.44 | D21: =CORREL(Data!AX4:AX1463, Data!CC4:CC1463) -> 0.5607348
A22: 3 | B22: =COUNTIF(Data!$AX$2:$AX$1461, A5) -> 768 | C22: =AVERAGEIF(Data!$AX$2:$AX$1461, A5, Data!$CC$2:$CC$1461) -> 213009.83 | D22: =CORREL(Data!AX5:AX1464, Data!CC5:CC1464) -> 0.56061947
A23: 4 | B23: =COUNTIF(Data!$AX$2:$AX$1461, A6) -> 33 | C23: =AVERAGEIF(Data!$AX$2:$AX$1461, A6, Data!$CC$2:$CC$1461) -> 347822.91 | D23: =CORREL(Data!AX6:AX1465, Data!CC6:CC1465) -> 0.56051057
A24: 5 | B24: =COUNTIF(Data!$AX$2:$AX$1461, A7) -> 0 | C24: =AVERAGEIF(Data!$AX$2:$AX$1461, A7, Data!$CC$2:$CC$1461) -> #DIV/0! | D24: =CORREL(Data!AX7:AX1466, Data!CC7:CC1466) -> 0.56030418
A29: Fireplace
B30: Count | C30: Average | D30: Correl
A31: 0 | B31: =COUNTIF(Data!$BE$2:$BE$1461, A7) -> 0 | C31: =AVERAGEIF(Data!$BE$2:$BE$1461, A5, Data!$CC$2:$CC$1461) -> 240588.54
A32: 1 | B32: =COUNTIF(Data!$BE$2:$BE$1461, A8) -> 0 | C32: =AVERAGEIF(Data!$BE$2:$BE$1461, A6, Data!$CC$2:$CC$1461) -> 252000
A33: 2 | B33: =COUNTIF(Data!$BE$2:$BE$1461, A9) -> 690 | C33: =AVERAGEIF(Data!$BE$2:$BE$1461, A7, Data!$CC$2:$CC$1461) -> #DIV/0!
A34: 3 | B34: =COUNTIF(Data!$BE$2:$BE$1461, A10) -> 690 | C34: =AVERAGEIF(Data!$BE$2:$BE$1461, A8, Data!$CC$2:$CC$1461) -> #DIV/0!
A35: 4 | B35: =COUNTIF(Data!$BE$2:$BE$1461, A11) -> 690 | C35: =AVERAGEIF(Data!$BE$2:$BE$1461, A9, Data!$CC$2:$CC$1461) -> 141331.48
A36: 5 | B36: =COUNTIF(Data!$BE$2:$BE$1461, A12) -> 690 | C36: =AVERAGEIF(Data!$BE$2:$BE$1461, A10, Data!$CC$2:$CC$1461) -> 141331.48

Sheet Analysis8
A1: HouseStyle | B1: Count | D1: BldgType | E1: Count | G1: Foundation | H1: Count | J1: RoofStyle | K1: Count | M1: Heating | N1: Count
A2: 2Story | B2: =COUNTIF(Data!$Q$2:$Q$1461, A2) -> 445 | D2: 1Fam | E2: =COUNTIF(Data!$P$2:$P$1461, D2) -> 1220 | G2: PConc | H2: =COUNTIF(Data!$AD$2:$AD$1461, G2) -> 647 | J2: Gable | K2: =COUNTIF(Data!$V$2:$V$1461, J2) -> 1141 | M2: GasA | N2: =COUNTIF(Data!$AN$2:$AN$1461, M2) -> 1428
A3: 1Story | B3: =COUNTIF(Data!$Q$2:$Q$1461, A3) -> 726 | D3: 2fmCon | E3: =COUNTIF(Data!$P$2:$P$1461, D3) -> 31 | G3: CBlock | H3: =COUNTIF(Data!$AD$2:$AD$1461, G3) -> 634 | J3: Hip | K3: =COUNTIF(Data!$V$2:$V$1461, J3) -> 286 | M3: GasW | N3: =COUNTIF(Data!$AN$2:$AN$1461, M3) -> 18
A4: 1.5Fin | B4: =COUNTIF(Data!$Q$2:$Q$1461, A4) -> 154 | D4: Duplex | E4: =COUNTIF(Data!$P$2:$P$1461, D4) -> 52 | G4: BrkTil | H4: =COUNTIF(Data!$AD$2:$AD$1461, G4) -> 146 | J4: Gambrel | K4: =COUNTIF(Data!$V$2:$V$1461, J4) -> 11 | M4: Grav | N4: =COUNTIF(Data!$AN$2:$AN$1461, M4) -> 7
A5: 1.5Unf | B5: =COUNTIF(Data!$Q$2:$Q$1461, A5) -> 14 | D5: TwnhsE | E5: =COUNTIF(Data!$P$2:$P$1461, D5) -> 114 | G5: Wood | H5: =COUNTIF(Data!$AD$2:$AD$1461, G5) -> 3 | J5: Mansard | K5: =COUNTIF(Data!$V$2:$V$1461, J5) -> 7 | M5: Wall | N5: =COUNTIF(Data!$AN$2:$AN$1461, M5) -> 4
A6: SFoyer | B6: =COUNTIF(Data!$Q$2:$Q$1461, A6) -> 37 | D6: Twnhs | E6: =COUNTIF(Data!$P$2:$P$1461, D6) -> 43 | G6: Slab | H6: =COUNTIF(Data!$AD$2:$AD$1461, G6) -> 24 | J6: Flat | K6: =COUNTIF(Data!$V$2:$V$1461, J6) -> 13 | M6: OthW | N6: =COUNTIF(Data!$AN$2:$AN$1461, M6) -> 2
A7: SLvl | B7: =COUNTIF(Data!$Q$2:$Q$1461, A7) -> 65 | G7: Stone | H7: =COUNTIF(Data!$AD$2:$AD$1461, G7) -> 6 | J7: Shed | K7: =COUNTIF(Data!$V$2:$V$1461, J7) -> 2 | M7: Floor | N7: =COUNTIF(Data!$AN$2:$AN$1461, M7) -> 1
A8: 2.5Unf | B8: =COUNTIF(Data!$Q$2:$Q$1461, A8) -> 11
A9: 2.5Fin | B9: =COUNTIF(Data!$Q$2:$Q$1461, A9) -> 8

Sheet Analysis9
A1: Highest Price | B1: Lowest Price | E1: Q1 | F1: =_xlfn.QUARTILE.INC(Data!CC2:CC1461, 1) -> 129975
A2: =LARGE(Data!$CC$2:$CC$1461, 1) -> 755000 | B2: =SMALL(Data!$CC$2:$CC$1461, 1) -> 34900 | E2: Q3 | F2: =_xlfn.QUARTILE.INC(Data!CC2:CC1461, 3) -> 214000
A3: =LARGE(Data!$CC$2:$CC$1461, 2) -> 745000 | B3: =SMALL(Data!$CC$2:$CC$1461, 2) -> 35311 | E3: Upper limit | F3: =F2+ 1.5*(F2-F1) -> 340037.5
A4: =LARGE(Data!$CC$2:$CC$1461, 3) -> 625000 | B4: =SMALL(Data!$CC$2:$CC$1461, 3) -> 37900
A5: =LARGE(Data!$CC$2:$CC$1461, 4) -> 611657 | B5: =SMALL(Data!$CC$2:$CC$1461, 4) -> 39300
A6: =LARGE(Data!$CC$2:$CC$1461, 5) -> 582933 | B6: =SMALL(Data!$CC$2:$CC$1461, 5) -> 40000

Sheet Analysis10
A1: Year | B1: Count | C1: Average
A2: 2006 | B2: =COUNTIF(Data!$BZ$2:$BZ$1461, A2) -> 314 | C2: =AVERAGEIF(Data!$BZ$2:$BZ$1461, A2, Data!$CC$2:$CC$1461) -> 182549.46
A3: 2007 | B3: =COUNTIF(Data!$BZ$2:$BZ$1461, A3) -> 329 | C3: =AVERAGEIF(Data!$BZ$2:$BZ$1461, A3, Data!$CC$2:$CC$1461) -> 186063.15
A4: 2008 | B4: =COUNTIF(Data!$BZ$2:$BZ$1461, A4) -> 304 | C4: =AVERAGEIF(Data!$BZ$2:$BZ$1461, A4, Data!$CC$2:$CC$1461) -> 177360.84
A5: 2009 | B5: =COUNTIF(Data!$BZ$2:$BZ$1461, A5) -> 338 | C5: =AVERAGEIF(Data!$BZ$2:$BZ$1461, A5, Data!$CC$2:$CC$1461) -> 179432.1
A6: 2010 | B6: =COUNTIF(Data!$BZ$2:$BZ$1461, A6) -> 175 | C6: =AVERAGEIF(Data!$BZ$2:$BZ$1461, A6, Data!$CC$2:$CC$1461) -> 177393.67

Sheet Analysis11
A1: Empty Entries
A2: PoolQC | B2: =COUNTBLANK(Data!BU2:BU1461) -> 1453 | C2: =B2/1460 -> 0.99520548
A3: MiscFeature | B3: =COUNTBLANK(Data!BW2:BW1461) -> 1406 | C3: =B3/1460 -> 0.9630137
A4: Alley | B4: =COUNTBLANK(Data!G2:G1461) -> 1369 | C4: =B4/1460 -> 0.93767123
A5: Fence | B5: =COUNTBLANK(Data!BV2:BV1461) -> 1179 | C5: =B5/1460 -> 0.80753425
A6: FireplaceQu | B6: =COUNTBLANK(Data!BF2:BF1461) -> 690 | C6: =B6/1460 -> 0.47260274
A7: LotFrontage | B7: =COUNTBLANK(Data!D2:D1461) -> 259 | C7: =B7/1460 -> 0.17739726
A8: GarageType | B8: =COUNTBLANK(Data!BG2:BG1461) -> 81 | C8: =B8/1460 -> 0.055479452
A9: GarageYrBlt | B9: =COUNTBLANK(Data!BH2:BH1461) -> 81 | C9: =B9/1460 -> 0.055479452
A10: GarageFinish | B10: =COUNTBLANK(Data!BI2:BI1461) -> 81 | C10: =B10/1460 -> 0.055479452
A11: GarageQual | B11: =COUNTBLANK(Data!BL2:BL1461) -> 81 | C11: =B11/1460 -> 0.055479452
A12: GarageCond | B12: =COUNTBLANK(Data!BM2:BM1461) -> 81 | C12: =B12/1460 -> 0.055479452
A13: BsmtExposure | B13: =COUNTBLANK(Data!AG2:AG1461) -> 38 | C13: =B13/1460 -> 0.026027397
A14: BsmtFinType2 | B14: =COUNTBLANK(Data!AJ2:AJ1461) -> 38 | C14: =B14/1460 -> 0.026027397
A15: BsmtQual | B15: =COUNTBLANK(Data!AE2:AE1461) -> 37 | C15: =B15/1460 -> 0.025342466
A16: BsmtCond | B16: =COUNTBLANK(Data!AF2:AF1461) -> 37 | C16: =B16/1460 -> 0.025342466
A17: BsmtFinType1 | B17: =COUNTBLANK(Data!AH2:AH1461) -> 37 | C17: =B17/1460 -> 0.025342466
A18: MasVnrType | B18: =COUNTBLANK(Data!Z2:Z1461) -> 8 | C18: =B18/1460 -> 0.0054794521
A19: MasVnrArea | B19: =COUNTBLANK(Data!AA2:AA1461) -> 8 | C19: =B19/1460 -> 0.0054794521
A20: TotalBsmtSF | B20: =COUNTBLANK(Data!AM2:AM1467) -> 6 | C20: =B20/1460 -> 0.004109589
A21: Electrical | B21: =COUNTBLANK(Data!AQ2:AQ1461) -> 1 | C21: =B21/1460 -> 0.00068493151
A22: Id | B22: =COUNTBLANK(Data!A2:A1461) -> 0 | C22: =B22/1460 -> 0
A23: MSSubClass | B23: =COUNTBLANK(Data!B2:B1461) -> 0 | C23: =B23/1460 -> 0
A24: MSZoning | B24: =COUNTBLANK(Data!C2:C1461) -> 0 | C24: =B24/1460 -> 0
A25: LotArea | B25: =COUNTBLANK(Data!E2:E1461) -> 0 | C25: =B25/1460 -> 0
A26: Street | B26: =COUNTBLANK(Data!F2:F1461) -> 0 | C26: =B26/1460 -> 0
A27: LotShape | B27: =COUNTBLANK(Data!H2:H1461) -> 0 | C27: =B27/1460 -> 0
A28: LandContour | B28: =COUNTBLANK(Data!I2:I1461) -> 0 | C28: =B28/1460 -> 0
A29: Utilities | B29: =COUNTBLANK(Data!J2:J1461) -> 0 | C29: =B29/1460 -> 0
A30: LotConfig | B30: =COUNTBLANK(Data!K2:K1461) -> 0 | C30: =B30/1460 -> 0
A31: LandSlope | B31: =COUNTBLANK(Data!L2:L1461) -> 0 | C31: =B31/1460 -> 0
A32: Neighborhood | B32: =COUNTBLANK(Data!M2:M1461) -> 0 | C32: =B32/1460 -> 0
A33: Condition1 | B33: =COUNTBLANK(Data!N2:N1461) -> 0 | C33: =B33/1460 -> 0
A34: Condition2 | B34: =COUNTBLANK(Data!O2:O1461) -> 0 | C34: =B34/1460 -> 0
A35: BldgType | B35: =COUNTBLANK(Data!P2:P1461) -> 0 | C35: =B35/1460 -> 0
A36: HouseStyle | B36: =COUNTBLANK(Data!Q2:Q1461) -> 0 | C36: =B36/1460 -> 0
A37: OverallQual | B37: =COUNTBLANK(Data!R2:R1461) -> 0 | C37: =B37/1460 -> 0
A38: OverallCond | B38: =COUNTBLANK(Data!S2:S1461) -> 0 | C38: =B38/1460 -> 0
A39: YearBuilt | B39: =COUNTBLANK(Data!T2:T1461) -> 0 | C39: =B39/1460 -> 0
A40: YearRemodAdd | B40: =COUNTBLANK(Data!U2:U1461) -> 0 | C40: =B40/1460 -> 0
A41: RoofStyle | B41: =COUNTBLANK(Data!V2:V1461) -> 0 | C41: =B41/1460 -> 0
A42: RoofMatl | B42: =COUNTBLANK(Data!W2:W1461) -> 0 | C42: =B42/1460 -> 0
A43: Exterior1st | B43: =COUNTBLANK(Data!X2:X1461) -> 0 | C43: =B43/1460 -> 0
A44: Exterior2nd | B44: =COUNTBLANK(Data!Y2:Y1461) -> 0 | C44: =B44/1460 -> 0
A45: ExterQual | B45: =COUNTBLANK(Data!AB2:AB1461) -> 0 | C45: =B45/1460 -> 0
A46: ExterCond | B46: =COUNTBLANK(Data!AC2:AC1461) -> 0 | C46: =B46/1460 -> 0
A47: Foundation | B47: =COUNTBLANK(Data!AD2:AD1461) -> 0 | C47: =B47/1460 -> 0
A48: BsmtFinSF1 | B48: =COUNTBLANK(Data!AI2:AI1461) -> 0 | C48: =B48/1460 -> 0
A49: BsmtFinSF2 | B49: =COUNTBLANK(Data!AK2:AK1461) -> 0 | C49: =B49/1460 -> 0
A50: BsmtUnfSF | B50: =COUNTBLANK(Data!AL2:AL1461) -> 0 | C50: =B50/1460 -> 0
A51: Heating | B51: =COUNTBLANK(Data!AN2:AN1461) -> 0 | C51: =B51/1460 -> 0
A52: HeatingQC | B52: =COUNTBLANK(Data!AO2:AO1461) -> 0 | C52: =B52/1460 -> 0
A53: CentralAir | B53: =COUNTBLANK(Data!AP2:AP1461) -> 0 | C53: =B53/1460 -> 0
A54: 1stFlrSF | B54: =COUNTBLANK(Data!AR2:AR1461) -> 0 | C54: =B54/1460 -> 0
A55: 2ndFlrSF | B55: =COUNTBLANK(Data!AS2:AS1461) -> 0 | C55: =B55/1460 -> 0
A56: LowQualFinSF | B56: =COUNTBLANK(Data!AT2:AT1461) -> 0 | C56: =B56/1460 -> 0
A57: GrLivArea | B57: =COUNTBLANK(Data!AU2:AU1461) -> 0 | C57: =B57/1460 -> 0
A58: BsmtFullBath | B58: =COUNTBLANK(Data!AV2:AV1461) -> 0 | C58: =B58/1460 -> 0
A59: BsmtHalfBath | B59: =COUNTBLANK(Data!AW2:AW1461) -> 0 | C59: =B59/1460 -> 0
A60: FullBath | B60: =COUNTBLANK(Data!AX2:AX1461) -> 0 | C60: =B60/1460 -> 0
A61: HalfBath | B61: =COUNTBLANK(Data!AY2:AY1461) -> 0 | C61: =B61/1460 -> 0
A62: BedroomAbvGr | B62: =COUNTBLANK(Data!AZ2:AZ1461) -> 0 | C62: =B62/1460 -> 0
A63: KitchenAbvGr | B63: =COUNTBLANK(Data!BA2:BA1461) -> 0 | C63: =B63/1460 -> 0
A64: KitchenQual | B64: =COUNTBLANK(Data!BB2:BB1461) -> 0 | C64: =B64/1460 -> 0
A65: TotRmsAbvGrd | B65: =COUNTBLANK(Data!BC2:BC1461) -> 0 | C65: =B65/1460 -> 0
A66: Functional | B66: =COUNTBLANK(Data!BD2:BD1461) -> 0 | C66: =B66/1460 -> 0
A67: Fireplaces | B67: =COUNTBLANK(Data!BE2:BE1461) -> 0 | C67: =B67/1460 -> 0
A68: GarageCars | B68: =COUNTBLANK(Data!BJ2:BJ1461) -> 0 | C68: =B68/1460 -> 0
A69: GarageArea | B69: =COUNTBLANK(Data!BK2:BK1461) -> 0 | C69: =B69/1460 -> 0
A70: PavedDrive | B70: =COUNTBLANK(Data!BN2:BN1461) -> 0 | C70: =B70/1460 -> 0
A71: WoodDeckSF | B71: =COUNTBLANK(Data!BO2:BO1461) -> 0 | C71: =B71/1460 -> 0
A72: OpenPorchSF | B72: =COUNTBLANK(Data!BP2:BP1461) -> 0 | C72: =B72/1460 -> 0
A73: EnclosedPorch | B73: =COUNTBLANK(Data!BQ2:BQ1461) -> 0 | C73: =B73/1460 -> 0
A74: 3SsnPorch | B74: =COUNTBLANK(Data!BR2:BR1461) -> 0 | C74: =B74/1460 -> 0
A75: ScreenPorch | B75: =COUNTBLANK(Data!BS2:BS1461) -> 0 | C75: =B75/1460 -> 0
A76: PoolArea | B76: =COUNTBLANK(Data!BT2:BT1461) -> 0 | C76: =B76/1460 -> 0
A77: MiscVal | B77: =COUNTBLANK(Data!BX2:BX1461) -> 0 | C77: =B77/1460 -> 0
A78: MoSold | B78: =COUNTBLANK(Data!BY2:BY1461) -> 0 | C78: =B78/1460 -> 0
A79: YrSold | B79: =COUNTBLANK(Data!BZ2:BZ1461) -> 0 | C79: =B79/1460 -> 0
A80: SaleType | B80: =COUNTBLANK(Data!CA2:CA1461) -> 0 | C80: =B80/1460 -> 0
A81: SaleCondition | B81: =COUNTBLANK(Data!CB2:CB1461) -> 0 | C81: =B81/1460 -> 0
A82: SalePrice | B82: =COUNTBLANK(Data!CC2:CC1461) -> 0 | C82: =B82/1460 -> 0

Sheet Analysis12
A1: SalePrice
A2: 755000 | C2: From the Analysis 1, Overall Quality and GrLivArea can help in prediction.
A3: 745000
A4: 625000
A5: 611657
A6: 582933
A7: 556581
A8: 555000
A9: 538000
A10: 501837
A11: 485000
A12: 475000
A13: 466500
A14: 465000
... A1461: 34900
